recording_id,speaker_id,language,content_type,content_id,reference_transcript,file_path,duration_seconds,device,noise_condition,date_recorded,consent_confirmed,consent_date,notes
EXAMPLE-rec-0001,EXAMPLE-spk-001,sw,instrument_item,EXAMPLE-sw-w-001,"<a 2-syllable everyday word a 6-year-old already knows, e.g. a household object or family word>",recordings/audio/EXAMPLE-rec-0001.wav,2.4,"Android -- Tecno Spark, budget tier",quiet,2026-08-01,yes,2026-08-01,EXAMPLE-DELETE-ME -- recorded in a quiet room with no background noise; this is what 'quiet' means in noise_condition.
EXAMPLE-rec-0002,EXAMPLE-spk-002,yo,instrument_item,EXAMPLE-yo-p-001,"<a 3-sentence paragraph in simple past tense, set in a familiar home or school scene, with no unfamiliar vocabulary>",recordings/audio/EXAMPLE-rec-0002.wav,9.1,iPhone SE,noisy,2026-08-02,yes,2026-08-02,EXAMPLE-DELETE-ME -- recorded in a busy classroom with audible background chatter; this is what 'noisy' means in noise_condition.
v0-sw-0001,spk-sw-001,sw,syllable,sw-ls-001,ma,dataset-v0/audio/sw-en_setA_SPEAKER_sw-ls-001.wav,1.921,Google Pixel 6 (Android 17),quiet,,yes,2026-08-15,Audio and segmentation QA confirmed for development V0.
v0-sw-0002,spk-sw-001,sw,syllable,sw-ls-002,me,dataset-v0/audio/sw-en_setA_SPEAKER_sw-ls-002.wav,1.518,Google Pixel 6 (Android 17),quiet,,yes,2026-08-15,Audio and segmentation QA confirmed for development V0.
v0-sw-0003,spk-sw-001,sw,syllable,sw-ls-003,mi,dataset-v0/audio/sw-en_setA_SPEAKER_sw-ls-003.wav,1.429,Google Pixel 6 (Android 17),quiet,,yes,2026-08-15,Audio and segmentation QA confirmed for development V0.
v0-sw-0004,spk-sw-001,sw,syllable,sw-ls-004,mo,dataset-v0/audio/sw-en_setA_SPEAKER_sw-ls-004.wav,1.416,Google Pixel 6 (Android 17),quiet,,yes,2026-08-15,Audio and segmentation QA confirmed for development V0.
v0-sw-0005,spk-sw-001,sw,syllable,sw-ls-005,mu,dataset-v0/audio/sw-en_setA_SPEAKER_sw-ls-005.wav,1.423,Google Pixel 6 (Android 17),quiet,,yes,2026-08-15,Audio and segmentation QA confirmed for development V0.
v0-sw-0006,spk-sw-001,sw,syllable,sw-ls-006,na,dataset-v0/audio/sw-en_setA_SPEAKER_sw-ls-006.wav,1.321,Google Pixel 6 (Android 17),quiet,,yes,2026-08-15,Audio and segmentation QA confirmed for development V0.
v0-sw-0007,spk-sw-001,sw,syllable,sw-ls-007,ne,dataset-v0/audio/sw-en_setA_SPEAKER_sw-ls-007.wav,1.629,Google Pixel 6 (Android 17),quiet,,yes,2026-08-15,Audio and segmentation QA confirmed for development V0.
v0-sw-0008,spk-sw-001,sw,syllable,sw-ls-008,ni,dataset-v0/audio/sw-en_setA_SPEAKER_sw-ls-008.wav,1.462,Google Pixel 6 (Android 17),quiet,,yes,2026-08-15,Audio and segmentation QA confirmed for development V0.
v0-sw-0009,spk-sw-001,sw,syllable,sw-ls-009,no,dataset-v0/audio/sw-en_setA_SPEAKER_sw-ls-009.wav,1.471,Google Pixel 6 (Android 17),quiet,,yes,2026-08-15,Audio and segmentation QA confirmed for development V0.
v0-sw-0010,spk-sw-001,sw,syllable,sw-ls-010,nu,dataset-v0/audio/sw-en_setA_SPEAKER_sw-ls-010.wav,1.687,Google Pixel 6 (Android 17),quiet,,yes,2026-08-15,Audio and segmentation QA confirmed for development V0.
v0-sw-0011,spk-sw-001,sw,syllable,sw-ls-011,ka,dataset-v0/audio/sw-en_setA_SPEAKER_sw-ls-011.wav,1.186,Google Pixel 6 (Android 17),quiet,,yes,2026-08-15,Audio and segmentation QA confirmed for development V0.
v0-sw-0012,spk-sw-001,sw,syllable,sw-ls-012,ke,dataset-v0/audio/sw-en_setA_SPEAKER_sw-ls-012.wav,1.599,Google Pixel 6 (Android 17),quiet,,yes,2026-08-15,Audio and segmentation QA confirmed for development V0.
v0-sw-0013,spk-sw-001,sw,syllable,sw-ls-013,ki,dataset-v0/audio/sw-en_setA_SPEAKER_sw-ls-013.wav,1.639,Google Pixel 6 (Android 17),quiet,,yes,2026-08-15,Audio and segmentation QA confirmed for development V0.
v0-sw-0014,spk-sw-001,sw,syllable,sw-ls-014,ko,dataset-v0/audio/sw-en_setA_SPEAKER_sw-ls-014.wav,1.493,Google Pixel 6 (Android 17),quiet,,yes,2026-08-15,Audio and segmentation QA confirmed for development V0.
v0-sw-0015,spk-sw-001,sw,syllable,sw-ls-015,ku,dataset-v0/audio/sw-en_setA_SPEAKER_sw-ls-015.wav,1.526,Google Pixel 6 (Android 17),quiet,,yes,2026-08-15,Audio and segmentation QA confirmed for development V0.
v0-sw-0016,spk-sw-001,sw,syllable,sw-ls-016,wa,dataset-v0/audio/sw-en_setA_SPEAKER_sw-ls-016.wav,1.615,Google Pixel 6 (Android 17),quiet,,yes,2026-08-15,Audio and segmentation QA confirmed for development V0.
v0-sw-0017,spk-sw-001,sw,syllable,sw-ls-017,we,dataset-v0/audio/sw-en_setA_SPEAKER_sw-ls-017.wav,1.597,Google Pixel 6 (Android 17),quiet,,yes,2026-08-15,Audio and segmentation QA confirmed for development V0.
v0-sw-0018,spk-sw-001,sw,syllable,sw-ls-018,wi,dataset-v0/audio/sw-en_setA_SPEAKER_sw-ls-018.wav,1.530,Google Pixel 6 (Android 17),quiet,,yes,2026-08-15,Audio and segmentation QA confirmed for development V0.
v0-sw-0019,spk-sw-001,sw,syllable,sw-ls-019,wo,dataset-v0/audio/sw-en_setA_SPEAKER_sw-ls-019.wav,1.506,Google Pixel 6 (Android 17),quiet,,yes,2026-08-15,Audio and segmentation QA confirmed for development V0.
v0-sw-0020,spk-sw-001,sw,syllable,sw-ls-020,wu,dataset-v0/audio/sw-en_setA_SPEAKER_sw-ls-020.wav,1.477,Google Pixel 6 (Android 17),quiet,,yes,2026-08-15,Audio and segmentation QA confirmed for development V0.
v0-sw-0021,spk-sw-001,sw,syllable,sw-ls-021,la,dataset-v0/audio/sw-en_setA_SPEAKER_sw-ls-021.wav,1.601,Google Pixel 6 (Android 17),quiet,,yes,2026-08-15,Audio and segmentation QA confirmed for development V0.
v0-sw-0022,spk-sw-001,sw,syllable,sw-ls-022,le,dataset-v0/audio/sw-en_setA_SPEAKER_sw-ls-022.wav,1.630,Google Pixel 6 (Android 17),quiet,,yes,2026-08-15,Audio and segmentation QA confirmed for development V0.
v0-sw-0023,spk-sw-001,sw,syllable,sw-ls-023,li,dataset-v0/audio/sw-en_setA_SPEAKER_sw-ls-023.wav,1.577,Google Pixel 6 (Android 17),quiet,,yes,2026-08-15,Audio and segmentation QA confirmed for development V0.
v0-sw-0024,spk-sw-001,sw,syllable,sw-ls-024,lo,dataset-v0/audio/sw-en_setA_SPEAKER_sw-ls-024.wav,1.589,Google Pixel 6 (Android 17),quiet,,yes,2026-08-15,Audio and segmentation QA confirmed for development V0.
v0-sw-0025,spk-sw-001,sw,syllable,sw-ls-025,lu,dataset-v0/audio/sw-en_setA_SPEAKER_sw-ls-025.wav,1.532,Google Pixel 6 (Android 17),quiet,,yes,2026-08-15,Audio and segmentation QA confirmed for development V0.
v0-sw-0026,spk-sw-001,sw,syllable,sw-ls-026,sa,dataset-v0/audio/sw-en_setA_SPEAKER_sw-ls-026.wav,1.626,Google Pixel 6 (Android 17),quiet,,yes,2026-08-15,Audio and segmentation QA confirmed for development V0.
v0-sw-0027,spk-sw-001,sw,syllable,sw-ls-027,se,dataset-v0/audio/sw-en_setA_SPEAKER_sw-ls-027.wav,1.997,Google Pixel 6 (Android 17),quiet,,yes,2026-08-15,Audio and segmentation QA confirmed for development V0.
v0-sw-0028,spk-sw-001,sw,syllable,sw-ls-028,si,dataset-v0/audio/sw-en_setA_SPEAKER_sw-ls-028.wav,1.429,Google Pixel 6 (Android 17),quiet,,yes,2026-08-15,Audio and segmentation QA confirmed for development V0.
v0-sw-0029,spk-sw-001,sw,syllable,sw-ls-029,so,dataset-v0/audio/sw-en_setA_SPEAKER_sw-ls-029.wav,1.594,Google Pixel 6 (Android 17),quiet,,yes,2026-08-15,Audio and segmentation QA confirmed for development V0.
v0-sw-0030,spk-sw-001,sw,syllable,sw-ls-030,su,dataset-v0/audio/sw-en_setA_SPEAKER_sw-ls-030.wav,1.813,Google Pixel 6 (Android 17),quiet,,yes,2026-08-15,Audio and segmentation QA confirmed for development V0.
v0-sw-0031,spk-sw-001,sw,word,sw-w-001,mama,dataset-v0/audio/sw-en_setA_SPEAKER_sw-w-001.wav,1.866,Google Pixel 6 (Android 17),quiet,,yes,2026-08-15,Audio and segmentation QA confirmed for development V0.
v0-sw-0032,spk-sw-001,sw,word,sw-w-002,baba,dataset-v0/audio/sw-en_setA_SPEAKER_sw-w-002.wav,1.775,Google Pixel 6 (Android 17),quiet,,yes,2026-08-15,Audio and segmentation QA confirmed for development V0.
v0-sw-0033,spk-sw-001,sw,word,sw-w-003,dada,dataset-v0/audio/sw-en_setA_SPEAKER_sw-w-003.wav,1.795,Google Pixel 6 (Android 17),quiet,,yes,2026-08-15,Audio and segmentation QA confirmed for development V0.
v0-sw-0034,spk-sw-001,sw,word,sw-w-004,kaka,dataset-v0/audio/sw-en_setA_SPEAKER_sw-w-004.wav,1.601,Google Pixel 6 (Android 17),quiet,,yes,2026-08-15,Audio and segmentation QA confirmed for development V0.
v0-sw-0035,spk-sw-001,sw,word,sw-w-005,maji,dataset-v0/audio/sw-en_setA_SPEAKER_sw-w-005.wav,1.639,Google Pixel 6 (Android 17),quiet,,yes,2026-08-15,Audio and segmentation QA confirmed for development V0.
v0-sw-0036,spk-sw-001,sw,word,sw-w-006,moto,dataset-v0/audio/sw-en_setA_SPEAKER_sw-w-006.wav,1.633,Google Pixel 6 (Android 17),quiet,,yes,2026-08-15,Audio and segmentation QA confirmed for development V0.
v0-sw-0037,spk-sw-001,sw,word,sw-w-007,meza,dataset-v0/audio/sw-en_setA_SPEAKER_sw-w-007.wav,1.759,Google Pixel 6 (Android 17),quiet,,yes,2026-08-15,Audio and segmentation QA confirmed for development V0.
v0-sw-0038,spk-sw-001,sw,word,sw-w-008,paka,dataset-v0/audio/sw-en_setA_SPEAKER_sw-w-008.wav,1.663,Google Pixel 6 (Android 17),quiet,,yes,2026-08-15,Audio and segmentation QA confirmed for development V0.
v0-sw-0039,spk-sw-001,sw,word,sw-w-009,soko,dataset-v0/audio/sw-en_setA_SPEAKER_sw-w-009.wav,1.690,Google Pixel 6 (Android 17),quiet,,yes,2026-08-15,Audio and segmentation QA confirmed for development V0.
v0-sw-0040,spk-sw-001,sw,word,sw-w-010,duka,dataset-v0/audio/sw-en_setA_SPEAKER_sw-w-010.wav,1.642,Google Pixel 6 (Android 17),quiet,,yes,2026-08-15,Audio and segmentation QA confirmed for development V0.
v0-sw-0041,spk-sw-001,sw,word,sw-w-011,embe,dataset-v0/audio/sw-en_setA_SPEAKER_sw-w-011.wav,1.588,Google Pixel 6 (Android 17),quiet,,yes,2026-08-15,Audio and segmentation QA confirmed for development V0.
v0-sw-0042,spk-sw-001,sw,word,sw-w-012,ndizi,dataset-v0/audio/sw-en_setA_SPEAKER_sw-w-012.wav,1.582,Google Pixel 6 (Android 17),quiet,,yes,2026-08-15,Audio and segmentation QA confirmed for development V0.
v0-sw-0043,spk-sw-001,sw,word,sw-w-013,nyumba,dataset-v0/audio/sw-en_setA_SPEAKER_sw-w-013.wav,1.607,Google Pixel 6 (Android 17),quiet,,yes,2026-08-15,Audio and segmentation QA confirmed for development V0.
v0-sw-0044,spk-sw-001,sw,word,sw-w-014,jiko,dataset-v0/audio/sw-en_setA_SPEAKER_sw-w-014.wav,3.164,Google Pixel 6 (Android 17),quiet,,yes,2026-08-15,Audio and segmentation QA confirmed for development V0.
v0-sw-0045,spk-sw-001,sw,word,sw-w-015,mlango,dataset-v0/audio/sw-en_setA_SPEAKER_sw-w-015.wav,1.495,Google Pixel 6 (Android 17),quiet,,yes,2026-08-15,Audio and segmentation QA confirmed for development V0.
v0-sw-0046,spk-sw-001,sw,word,sw-w-016,gari,dataset-v0/audio/sw-en_setA_SPEAKER_sw-w-016.wav,1.553,Google Pixel 6 (Android 17),quiet,,yes,2026-08-15,Audio and segmentation QA confirmed for development V0.
v0-sw-0047,spk-sw-001,sw,word,sw-w-017,nguo,dataset-v0/audio/sw-en_setA_SPEAKER_sw-w-017.wav,1.632,Google Pixel 6 (Android 17),quiet,,yes,2026-08-15,Audio and segmentation QA confirmed for development V0.
v0-sw-0048,spk-sw-001,sw,word,sw-w-018,kiatu,dataset-v0/audio/sw-en_setA_SPEAKER_sw-w-018.wav,1.656,Google Pixel 6 (Android 17),quiet,,yes,2026-08-15,Audio and segmentation QA confirmed for development V0.
v0-sw-0049,spk-sw-001,sw,word,sw-w-019,shule,dataset-v0/audio/sw-en_setA_SPEAKER_sw-w-019.wav,1.816,Google Pixel 6 (Android 17),quiet,,yes,2026-08-15,Audio and segmentation QA confirmed for development V0.
v0-sw-0050,spk-sw-001,sw,word,sw-w-020,mtoto,dataset-v0/audio/sw-en_setA_SPEAKER_sw-w-020.wav,2.261,Google Pixel 6 (Android 17),quiet,,yes,2026-08-15,Audio and segmentation QA confirmed for development V0.
v0-sw-0051,spk-sw-001,sw,word,sw-w-021,kitabu,dataset-v0/audio/sw-en_setA_SPEAKER_sw-w-021.wav,2.044,Google Pixel 6 (Android 17),quiet,,yes,2026-08-15,Audio and segmentation QA confirmed for development V0.
v0-sw-0052,spk-sw-001,sw,word,sw-w-022,sahani,dataset-v0/audio/sw-en_setA_SPEAKER_sw-w-022.wav,1.886,Google Pixel 6 (Android 17),quiet,,yes,2026-08-15,Audio and segmentation QA confirmed for development V0.
v0-sw-0053,spk-sw-001,sw,word,sw-w-023,kalamu,dataset-v0/audio/sw-en_setA_SPEAKER_sw-w-023.wav,2.288,Google Pixel 6 (Android 17),quiet,,yes,2026-08-15,Audio and segmentation QA confirmed for development V0.
v0-sw-0054,spk-sw-001,sw,word,sw-w-024,kikapu,dataset-v0/audio/sw-en_setA_SPEAKER_sw-w-024.wav,1.879,Google Pixel 6 (Android 17),quiet,,yes,2026-08-15,Audio and segmentation QA confirmed for development V0.
v0-sw-0055,spk-sw-001,sw,word,sw-w-025,ndugu,dataset-v0/audio/sw-en_setA_SPEAKER_sw-w-025.wav,1.619,Google Pixel 6 (Android 17),quiet,,yes,2026-08-15,Audio and segmentation QA confirmed for development V0.
v0-sw-0056,spk-sw-001,sw,word,sw-w-026,rafiki,dataset-v0/audio/sw-en_setA_SPEAKER_sw-w-026.wav,1.776,Google Pixel 6 (Android 17),quiet,,yes,2026-08-15,Audio and segmentation QA confirmed for development V0.
v0-sw-0057,spk-sw-001,sw,word,sw-w-027,chakula,dataset-v0/audio/sw-en_setA_SPEAKER_sw-w-027.wav,2.675,Google Pixel 6 (Android 17),quiet,,yes,2026-08-15,Audio and segmentation QA confirmed for development V0.
v0-sw-0058,spk-sw-001,sw,word,sw-w-028,samaki,dataset-v0/audio/sw-en_setA_SPEAKER_sw-w-028.wav,2.347,Google Pixel 6 (Android 17),quiet,,yes,2026-08-15,Audio and segmentation QA confirmed for development V0.
v0-sw-0059,spk-sw-001,sw,word,sw-w-029,kikombe,dataset-v0/audio/sw-en_setA_SPEAKER_sw-w-029.wav,2.407,Google Pixel 6 (Android 17),quiet,,yes,2026-08-15,Audio and segmentation QA confirmed for development V0.
v0-sw-0060,spk-sw-001,sw,word,sw-w-030,mvua,dataset-v0/audio/sw-en_setA_SPEAKER_sw-w-030.wav,2.374,Google Pixel 6 (Android 17),quiet,,yes,2026-08-15,Audio and segmentation QA confirmed for development V0.
v0-sw-0061,spk-sw-001,sw,word,sw-w-031,jua,dataset-v0/audio/sw-en_setA_SPEAKER_sw-w-031.wav,2.034,Google Pixel 6 (Android 17),quiet,,yes,2026-08-15,Audio and segmentation QA confirmed for development V0.
v0-sw-0062,spk-sw-001,sw,word,sw-w-032,mwezi,dataset-v0/audio/sw-en_setA_SPEAKER_sw-w-032.wav,1.801,Google Pixel 6 (Android 17),quiet,,yes,2026-08-15,Audio and segmentation QA confirmed for development V0.
v0-sw-0063,spk-sw-001,sw,word,sw-w-033,mchezo,dataset-v0/audio/sw-en_setA_SPEAKER_sw-w-033.wav,1.776,Google Pixel 6 (Android 17),quiet,,yes,2026-08-15,Audio and segmentation QA confirmed for development V0.
v0-sw-0064,spk-sw-001,sw,word,sw-w-034,mwalimu,dataset-v0/audio/sw-en_setA_SPEAKER_sw-w-034.wav,1.792,Google Pixel 6 (Android 17),quiet,,yes,2026-08-15,Audio and segmentation QA confirmed for development V0.
v0-sw-0065,spk-sw-001,sw,word,sw-w-035,simba,dataset-v0/audio/sw-en_setA_SPEAKER_sw-w-035.wav,1.839,Google Pixel 6 (Android 17),quiet,,yes,2026-08-15,Audio and segmentation QA confirmed for development V0.
v0-sw-0066,spk-sw-001,sw,word,sw-w-036,ndege,dataset-v0/audio/sw-en_setA_SPEAKER_sw-w-036.wav,1.795,Google Pixel 6 (Android 17),quiet,,yes,2026-08-15,Audio and segmentation QA confirmed for development V0.
v0-sw-0067,spk-sw-001,sw,word,sw-w-037,ng'ombe,dataset-v0/audio/sw-en_setA_SPEAKER_sw-w-037.wav,1.659,Google Pixel 6 (Android 17),quiet,,yes,2026-08-15,Audio and segmentation QA confirmed for development V0.
v0-sw-0068,spk-sw-001,sw,word,sw-w-038,mbuzi,dataset-v0/audio/sw-en_setA_SPEAKER_sw-w-038.wav,2.053,Google Pixel 6 (Android 17),quiet,,yes,2026-08-15,Audio and segmentation QA confirmed for development V0.
v0-sw-0069,spk-sw-001,sw,word,sw-w-039,kuku,dataset-v0/audio/sw-en_setA_SPEAKER_sw-w-039.wav,3.833,Google Pixel 6 (Android 17),quiet,,yes,2026-08-15,Audio and segmentation QA confirmed for development V0.
v0-sw-0070,spk-sw-001,sw,word,sw-w-040,asante,dataset-v0/audio/sw-en_setA_SPEAKER_sw-w-040.wav,2.078,Google Pixel 6 (Android 17),quiet,,yes,2026-08-15,Audio and segmentation QA confirmed for development V0.
v0-sw-0071,spk-sw-001,sw,paragraph,sw-p-001,Leo ni siku ya shule. Nina sare mpya safi. Viatu vyangu ni vipya. Nafurahi kwenda shuleni leo.,dataset-v0/audio/sw-en_setA_SPEAKER_sw-p-001.wav,17.920,Google Pixel 6 (Android 17),quiet,,yes,2026-08-15,Audio and segmentation QA confirmed for development V0.
v0-sw-0072,spk-sw-001,sw,paragraph,sw-p-002,Mama anapika kwa moto. Moto unatoa joto kali. Moto unatupa mwanga pia. Sote tunapenda moto jioni.,dataset-v0/audio/sw-en_setA_SPEAKER_sw-p-002.wav,19.072,Google Pixel 6 (Android 17),quiet,,yes,2026-08-15,Audio and segmentation QA confirmed for development V0.
v0-sw-0073,spk-sw-001,sw,story,sw-s-001,"Jembe lake lilikuwa fupi mno. Mlango wake ulikuwa chini mno. Kitanda chake kilikuwa kifupi mno. Mtu huyu alikuwa mrefu zaidi! Alitengeneza mpini wa jembe mrefu sana. Alitengeneza fremu ndefu za milango. Alitengeneza kitanda kirefu sana. Aliacha nyumba yake na kuishi katika msitu mkubwa. Aliishi kwa miaka mingi, naye alifurahi.",dataset-v0/audio/sw-en_setA_SPEAKER_sw-s-001.wav,72.533,Google Pixel 6 (Android 17),quiet,,yes,2026-08-15,Audio and segmentation QA confirmed for development V0.
v0-sw-0074,spk-sw-001,sw,story,sw-s-002,"Tom anabeba tenga la ndizi zilizoiva. Tom anaenda sokoni kuuza ndizi. Lakini hakuna anayenunua ndizi za Tom. ""Ni wanawake pekee ndio wanaouza matunda,"" watu wanasema. Lakini Tom hakati tamaa. Anaita, ""Nunua ndizi zangu tamu!"" Mwanamke mmoja ananunua ndizi zake. Watu wengine wanakuja na kununua ndizi za Tom. Mara, tenga linakuwa tupu, naye Tom anafurahi.",dataset-v0/audio/sw-en_setA_SPEAKER_sw-s-002.wav,78.208,Google Pixel 6 (Android 17),quiet,,yes,2026-08-15,Audio and segmentation QA confirmed for development V0.
v0-sw-0075,spk-sw-001,sw,comprehension_question,sw-s-001-q1,Jembe la mtu huyu lilikuwa refu au fupi mwanzoni?,dataset-v0/audio/sw-en_setA_SPEAKER_sw-s-001-q1.wav,7.620,Google Pixel 6 (Android 17),quiet,,yes,2026-08-15,Audio and segmentation QA confirmed for development V0.
v0-sw-0076,spk-sw-001,sw,comprehension_question,sw-s-001-q2,Kwa nini mtu huyu alitengeneza vitu vipya?,dataset-v0/audio/sw-en_setA_SPEAKER_sw-s-001-q2.wav,9.130,Google Pixel 6 (Android 17),quiet,,yes,2026-08-15,Audio and segmentation QA confirmed for development V0.
v0-sw-0077,spk-sw-001,sw,comprehension_question,sw-s-002-q1,Tom alikuwa akiuza nini sokoni?,dataset-v0/audio/sw-en_setA_SPEAKER_sw-s-002-q1.wav,7.510,Google Pixel 6 (Android 17),quiet,,yes,2026-08-15,Audio and segmentation QA confirmed for development V0.
v0-sw-0078,spk-sw-001,sw,comprehension_question,sw-s-002-q2,Kwa nini watu hawakutaka kununua ndizi za Tom mwanzoni?,dataset-v0/audio/sw-en_setA_SPEAKER_sw-s-002-q2.wav,8.954,Google Pixel 6 (Android 17),quiet,,yes,2026-08-15,Audio and segmentation QA confirmed for development V0.
v0-sw-0079,spk-sw-001,sw-en,scripted_prompt_reading,setB-01,Niambie kuhusu shule yako.,dataset-v0/audio/sw-en_setB_SPEAKER_setB-01.wav,10.373,Google Pixel 6 (Android 17),quiet,,yes,2026-08-15,Prompt: Niambie kuhusu shule yako. Contributor-confirmed scripted reading of prompt_text; this is not a spontaneous free-response answer. Audio and segmentation QA confirmed for development V0.
v0-sw-0080,spk-sw-001,sw-en,scripted_prompt_reading,setB-02,Ulifanya nini jana baada ya shule?,dataset-v0/audio/sw-en_setB_SPEAKER_setB-02.wav,8.333,Google Pixel 6 (Android 17),quiet,,yes,2026-08-15,Prompt: Ulifanya nini jana baada ya shule? Contributor-confirmed scripted reading of prompt_text; this is not a spontaneous free-response answer. Audio and segmentation QA confirmed for development V0.
v0-sw-0081,spk-sw-001,sw-en,scripted_prompt_reading,setB-03,Unafikaje sokoni ukitoka nyumbani kwenu?,dataset-v0/audio/sw-en_setB_SPEAKER_setB-03.wav,7.459,Google Pixel 6 (Android 17),quiet,,yes,2026-08-15,Prompt: Unafikaje sokoni ukitoka nyumbani kwenu? Contributor-confirmed scripted reading of prompt_text; this is not a spontaneous free-response answer. Audio and segmentation QA confirmed for development V0.
v0-sw-0082,spk-sw-001,sw-en,scripted_prompt_reading,setB-04,"Somo gani unalipenda zaidi, na kwa nini?",dataset-v0/audio/sw-en_setB_SPEAKER_setB-04.wav,7.741,Google Pixel 6 (Android 17),quiet,,yes,2026-08-15,"Prompt: Somo gani unalipenda zaidi, na kwa nini? Contributor-confirmed scripted reading of prompt_text; this is not a spontaneous free-response answer. Audio and segmentation QA confirmed for development V0."
v0-sw-0083,spk-sw-001,sw-en,scripted_prompt_reading,setB-05,Niambie wakati ulipomsaidia mtu.,dataset-v0/audio/sw-en_setB_SPEAKER_setB-05.wav,9.589,Google Pixel 6 (Android 17),quiet,,yes,2026-08-15,Prompt: Niambie wakati ulipomsaidia mtu. Contributor-confirmed scripted reading of prompt_text; this is not a spontaneous free-response answer. Audio and segmentation QA confirmed for development V0.
v0-sw-0084,spk-sw-001,sw-en,scripted_prompt_reading,setB-06,Hesabu kwa sauti kuanzia moja hadi ishirini.,dataset-v0/audio/sw-en_setB_SPEAKER_setB-06.wav,13.357,Google Pixel 6 (Android 17),quiet,,yes,2026-08-15,Prompt: Hesabu kwa sauti kuanzia moja hadi ishirini. Contributor-confirmed scripted reading of prompt_text; this is not a spontaneous free-response answer. Audio and segmentation QA confirmed for development V0.
v0-sw-0085,spk-sw-001,sw-en,scripted_prompt_reading,setB-07,Kumi na tano jumlisha saba ni ngapi? Niambie jinsi ulivyopata jibu lako.,dataset-v0/audio/sw-en_setB_SPEAKER_setB-07.wav,10.695,Google Pixel 6 (Android 17),quiet,,yes,2026-08-15,Prompt: Kumi na tano jumlisha saba ni ngapi? Niambie jinsi ulivyopata jibu lako. Contributor-confirmed scripted reading of prompt_text; this is not a spontaneous free-response answer. Audio and segmentation QA confirmed for development V0.
v0-sw-0086,spk-sw-001,sw-en,scripted_prompt_reading,setB-08,Niambie jambo lililotokea shuleni wiki hii.,dataset-v0/audio/sw-en_setB_SPEAKER_setB-08.wav,5.825,Google Pixel 6 (Android 17),quiet,,yes,2026-08-15,Prompt: Niambie jambo lililotokea shuleni wiki hii. Contributor-confirmed scripted reading of prompt_text; this is not a spontaneous free-response answer. Audio and segmentation QA confirmed for development V0.
v0-sw-0087,spk-sw-001,sw-en,scripted_prompt_reading,setB-09,Unataka kuwa nini ukikua?,dataset-v0/audio/sw-en_setB_SPEAKER_setB-09.wav,8.957,Google Pixel 6 (Android 17),quiet,,yes,2026-08-15,Prompt: Unataka kuwa nini ukikua? Contributor-confirmed scripted reading of prompt_text; this is not a spontaneous free-response answer. Audio and segmentation QA confirmed for development V0.
v0-sw-0088,spk-sw-001,sw-en,scripted_prompt_reading,setB-10,"Nieleze mchezo unaocheza na marafiki zako, na kanuni zake.",dataset-v0/audio/sw-en_setB_SPEAKER_setB-10.wav,5.095,Google Pixel 6 (Android 17),quiet,,yes,2026-08-15,"Prompt: Nieleze mchezo unaocheza na marafiki zako, na kanuni zake. Contributor-confirmed scripted reading of prompt_text; this is not a spontaneous free-response answer. Audio and segmentation QA confirmed for development V0."
v0-sw-0089,spk-sw-001,sw-en,scaffolding_utterance,instr-start-letter-syllable-001,Hebu sasa soma syllable hii kwa sauti.,dataset-v0/audio/sw-en_setC_SPEAKER_instr-start-letter-syllable-001.wav,4.745,Google Pixel 6 (Android 17),quiet,,yes,2026-08-15,Audio and segmentation QA confirmed for development V0.
v0-sw-0090,spk-sw-001,sw-en,scaffolding_utterance,instr-retry-001,Hebu jaribu kuisoma tena. One more time!,dataset-v0/audio/sw-en_setC_SPEAKER_instr-retry-001.wav,7.688,Google Pixel 6 (Android 17),quiet,,yes,2026-08-15,Audio and segmentation QA confirmed for development V0.
v0-sw-0091,spk-sw-001,sw-en,scaffolding_utterance,instr-slow-down-001,"Soma polepole, take your time, usikimbilie maneno.",dataset-v0/audio/sw-en_setC_SPEAKER_instr-slow-down-001.wav,9.391,Google Pixel 6 (Android 17),quiet,,yes,2026-08-15,This recording follows the earlier script wording 'usikimbilie maneno'; the current reviewed corpus now uses 'usiache maneno'. Audio and segmentation QA confirmed for development V0.
v0-sw-0092,spk-sw-001,sw-en,scaffolding_utterance,instr-ready-check-001,Uko ready? Twende!,dataset-v0/audio/sw-en_setC_SPEAKER_instr-ready-check-001.wav,4.263,Google Pixel 6 (Android 17),quiet,,yes,2026-08-15,Audio and segmentation QA confirmed for development V0.
v0-sw-0093,spk-sw-001,sw-en,scaffolding_utterance,praise-first-try-beginner-001,"Hongera! Good job, umeitamka vizuri!",dataset-v0/audio/sw-en_setC_SPEAKER_praise-first-try-beginner-001.wav,3.660,Google Pixel 6 (Android 17),quiet,,yes,2026-08-15,Audio and segmentation QA confirmed for development V0.
v0-sw-0094,spk-sw-001,sw-en,scaffolding_utterance,praise-first-try-paragraph-001,Umesoma kifungu vizuri sana. Great job!,dataset-v0/audio/sw-en_setC_SPEAKER_praise-first-try-paragraph-001.wav,5.392,Google Pixel 6 (Android 17),quiet,,yes,2026-08-15,Audio and segmentation QA confirmed for development V0.
v0-sw-0095,spk-sw-001,sw-en,scaffolding_utterance,praise-effort-general-001,Good try! Umejitahidi; tujaribu tena pamoja.,dataset-v0/audio/sw-en_setC_SPEAKER_praise-effort-general-001.wav,6.887,Google Pixel 6 (Android 17),quiet,,yes,2026-08-15,Audio and segmentation QA confirmed for development V0.
v0-sw-0096,spk-sw-001,sw-en,scaffolding_utterance,praise-improvement-001,Unazidi kufanya vizuri. Keep it up!,dataset-v0/audio/sw-en_setC_SPEAKER_praise-improvement-001.wav,10.258,Google Pixel 6 (Android 17),quiet,,yes,2026-08-15,Audio and segmentation QA confirmed for development V0.
v0-sw-0097,spk-sw-001,sw-en,scaffolding_utterance,hint-sentence-context-001,Soma sentensi yote; maneno mengine yatakupa clue.,dataset-v0/audio/sw-en_setC_SPEAKER_hint-sentence-context-001.wav,6.540,Google Pixel 6 (Android 17),quiet,,yes,2026-08-15,Audio and segmentation QA confirmed for development V0.
v0-sw-0098,spk-sw-001,sw-en,scaffolding_utterance,hint-look-again-001,Angalia neno hilo tena kwa makini. Take your time.,dataset-v0/audio/sw-en_setC_SPEAKER_hint-look-again-001.wav,8.864,Google Pixel 6 (Android 17),quiet,,yes,2026-08-15,Audio and segmentation QA confirmed for development V0.
v0-sw-0099,spk-sw-001,sw-en,scaffolding_utterance,correction-letter-soft-001,Ulikaribia! Sikiliza sauti ya herufi hii: mmm. Try again.,dataset-v0/audio/sw-en_setC_SPEAKER_correction-letter-soft-001.wav,10.209,Google Pixel 6 (Android 17),quiet,,yes,2026-08-15,Audio and segmentation QA confirmed for development V0.
v0-sw-0100,spk-sw-001,sw-en,scaffolding_utterance,correction-model-pronunciation-001,Sikiliza: “shule.” Sasa repeat after me: “shule.”,dataset-v0/audio/sw-en_setC_SPEAKER_correction-model-pronunciation-001.wav,3.459,Google Pixel 6 (Android 17),quiet,,yes,2026-08-15,Audio and segmentation QA confirmed for development V0.
v0-sw-0101,spk-sw-001,sw-en,scaffolding_utterance,correction-skip-word-001,Ulikaribia! Umeruka neno moja. Read tena bila kuliacha.,dataset-v0/audio/sw-en_setC_SPEAKER_correction-skip-word-001.wav,8.357,Google Pixel 6 (Android 17),quiet,,yes,2026-08-15,Audio and segmentation QA confirmed for development V0.
v0-sw-0102,spk-sw-001,sw-en,scaffolding_utterance,level-up-letter-to-word-001,Hongera! Sasa tunaendelea kusoma maneno. Ready? Twende!,dataset-v0/audio/sw-en_setC_SPEAKER_level-up-letter-to-word-001.wav,7.117,Google Pixel 6 (Android 17),quiet,,yes,2026-08-15,Audio and segmentation QA confirmed for development V0.
v0-sw-0103,spk-sw-001,sw-en,scaffolding_utterance,level-stay-beginner-001,Tutaendelea kufanya mazoezi ya sauti za herufi. You’re doing well!,dataset-v0/audio/sw-en_setC_SPEAKER_level-stay-beginner-001.wav,9.892,Google Pixel 6 (Android 17),quiet,,yes,2026-08-15,Audio and segmentation QA confirmed for development V0.
v0-sw-0104,spk-sw-001,sw-en,scaffolding_utterance,encourage-tired-001,"Umefanya vizuri sana! Keep going, tunakaribia mwisho!",dataset-v0/audio/sw-en_setC_SPEAKER_encourage-tired-001.wav,9.101,Google Pixel 6 (Android 17),quiet,,yes,2026-08-15,Audio and segmentation QA confirmed for development V0.
v0-sw-0105,spk-sw-001,sw-en,scaffolding_utterance,encourage-nervous-001,Usiwe na wasiwasi; tuko pamoja. Ready? Tuanze!,dataset-v0/audio/sw-en_setC_SPEAKER_encourage-nervous-001.wav,11.041,Google Pixel 6 (Android 17),quiet,,yes,2026-08-15,Audio and segmentation QA confirmed for development V0.
v0-sw-0106,spk-sw-001,sw-en,scaffolding_utterance,encourage-after-break-001,"Karibu tena! Welcome back, tuendelee tulipoishia.",dataset-v0/audio/sw-en_setC_SPEAKER_encourage-after-break-001.wav,6.673,Google Pixel 6 (Android 17),quiet,,yes,2026-08-15,Audio and segmentation QA confirmed for development V0.
v0-sw-0107,spk-sw-001,sw-en,scaffolding_utterance,closing-thank-you-001,"Asante sana kwa kazi yako nzuri leo, well done!",dataset-v0/audio/sw-en_setC_SPEAKER_closing-thank-you-001.wav,8.840,Google Pixel 6 (Android 17),quiet,,yes,2026-08-15,Audio and segmentation QA confirmed for development V0.
v0-sw-0108,spk-sw-001,sw-en,scaffolding_utterance,repair-no-audio-001,"Samahani, sikusikia. Please jaribu tena.",dataset-v0/audio/sw-en_setC_SPEAKER_repair-no-audio-001.wav,6.199,Google Pixel 6 (Android 17),quiet,,yes,2026-08-15,Audio and segmentation QA confirmed for development V0.
v0-yo-0001,spk-yo-001,yo-en,scaffolding_utterance,instr-start-beginner-001,"Wo lẹ́tà yìí, kí ni ohùn rẹ̀? Sọ fún mi!",dataset-v0/audio/yo-en_setC_SPEAKER_instr-start-beginner-001.wav,5.675,"Mixed Yoruba workflow: Dell Latitude E5450, Praat, Zoom recorder, and Android phone",quiet,,yes,2026-08-15,Yoruba reference text and audio alignment confirmed by contributor for development V0.
v0-yo-0002,spk-yo-001,yo-en,scaffolding_utterance,instr-start-letter-syllable-001,Ṣe àyẹwò! Jọwọ ka syllable tó wà níbẹ̀ fún mi.,dataset-v0/audio/yo-en_setC_SPEAKER_instr-start-letter-syllable-001.wav,6.784,"Mixed Yoruba workflow: Dell Latitude E5450, Praat, Zoom recorder, and Android phone",quiet,,yes,2026-08-15,Yoruba reference text and audio alignment confirmed by contributor for development V0.
v0-yo-0003,spk-yo-001,yo-en,scaffolding_utterance,instr-start-word-001,"Ẹ wò ọ̀rọ̀ yìí, kí o sì ka á sókè.",dataset-v0/audio/yo-en_setC_SPEAKER_instr-start-word-001.wav,6.251,"Mixed Yoruba workflow: Dell Latitude E5450, Praat, Zoom recorder, and Android phone",quiet,,yes,2026-08-15,Yoruba reference text and audio alignment confirmed by contributor for development V0.
v0-yo-0004,spk-yo-001,yo-en,scaffolding_utterance,instr-start-paragraph-001,"Dára, jẹ́ ká bẹ̀rẹ̀. Jọwọ, read àdoédoé yìí fún mi.",dataset-v0/audio/yo-en_setC_SPEAKER_instr-start-paragraph-001.wav,7.765,"Mixed Yoruba workflow: Dell Latitude E5450, Praat, Zoom recorder, and Android phone",quiet,,yes,2026-08-15,Yoruba reference text and audio alignment confirmed by contributor for development V0.
v0-yo-0005,spk-yo-001,yo-en,scaffolding_utterance,instr-start-story-001,"Jẹ́ ká bẹ̀rẹ̀! Jọ̀wọ́, ka ìtàn yìí káàárọ̀ látọ̀dọ̀ ìbẹ̀rẹ̀.",dataset-v0/audio/yo-en_setC_SPEAKER_instr-start-story-001.wav,6.443,"Mixed Yoruba workflow: Dell Latitude E5450, Praat, Zoom recorder, and Android phone",quiet,,yes,2026-08-15,Yoruba reference text and audio alignment confirmed by contributor for development V0.
v0-yo-0006,spk-yo-001,yo-en,scaffolding_utterance,instr-comprehension-001,Dára! Ǹjẹ́ o lè sọ fún mi kíní ìtàn yẹn túmọ̀ sí?,dataset-v0/audio/yo-en_setC_SPEAKER_instr-comprehension-001.wav,7.488,"Mixed Yoruba workflow: Dell Latitude E5450, Praat, Zoom recorder, and Android phone",quiet,,yes,2026-08-15,Yoruba reference text and audio alignment confirmed by contributor for development V0.
v0-yo-0007,spk-yo-001,yo-en,scaffolding_utterance,instr-retry-001,"Dára, jẹ́ ká gbìyànjú mọ́ lẹ́ẹ̀kan sí i, try again!",dataset-v0/audio/yo-en_setC_SPEAKER_instr-retry-001.wav,5.803,"Mixed Yoruba workflow: Dell Latitude E5450, Praat, Zoom recorder, and Android phone",quiet,,yes,2026-08-15,Yoruba reference text and audio alignment confirmed by contributor for development V0.
v0-yo-0008,spk-yo-001,yo-en,scaffolding_utterance,instr-slow-down-001,"Dáadáa, slow down kí o sì ka fẹ́ẹ́fẹ́ẹ́ díẹ̀.",dataset-v0/audio/yo-en_setC_SPEAKER_instr-slow-down-001.wav,6.827,"Mixed Yoruba workflow: Dell Latitude E5450, Praat, Zoom recorder, and Android phone",quiet,,yes,2026-08-15,Yoruba reference text and audio alignment confirmed by contributor for development V0.
v0-yo-0009,spk-yo-001,yo-en,scaffolding_utterance,instr-mic-check-001,"Jọ̀wọ́, mú fóònù wá sún mọ́ ẹnu rẹ kí o sọ̀rọ̀ speak clearly!",dataset-v0/audio/yo-en_setC_SPEAKER_instr-mic-check-001.wav,6.891,"Mixed Yoruba workflow: Dell Latitude E5450, Praat, Zoom recorder, and Android phone",quiet,,yes,2026-08-15,Yoruba reference text and audio alignment confirmed by contributor for development V0.
v0-yo-0010,spk-yo-001,yo-en,scaffolding_utterance,instr-ready-check-001,Ṣé o ṣetán? Jẹ́ ká bẹ̀rẹ̀ — ready?,dataset-v0/audio/yo-en_setC_SPEAKER_instr-ready-check-001.wav,7.872,"Mixed Yoruba workflow: Dell Latitude E5450, Praat, Zoom recorder, and Android phone",quiet,,yes,2026-08-15,Yoruba reference text and audio alignment confirmed by contributor for development V0.
v0-yo-0011,spk-yo-001,yo-en,scaffolding_utterance,instr-free-response-001,Ṣe o rò pé kí ni yóò ṣẹlẹ̀ tó bá tẹ̀lé? Sọ fún mi!,dataset-v0/audio/yo-en_setC_SPEAKER_instr-free-response-001.wav,6.848,"Mixed Yoruba workflow: Dell Latitude E5450, Praat, Zoom recorder, and Android phone",quiet,,yes,2026-08-15,Yoruba reference text and audio alignment confirmed by contributor for development V0.
v0-yo-0012,spk-yo-001,yo-en,scaffolding_utterance,instr-repeat-please-response-001,"Ṣe kó o, èmi yóò sọ ó lẹ́ẹ̀kan sí i, fara balẹ̀ gbọ́.",dataset-v0/audio/yo-en_setC_SPEAKER_instr-repeat-please-response-001.wav,5.461,"Mixed Yoruba workflow: Dell Latitude E5450, Praat, Zoom recorder, and Android phone",quiet,,yes,2026-08-15,Yoruba reference text and audio alignment confirmed by contributor for development V0.
v0-yo-0013,spk-yo-001,yo-en,scaffolding_utterance,instr-facilitator-wait-001,"Dúró díẹ̀, jẹ́ kí n pe olùrànlọ́wọ́ wá, okay?",dataset-v0/audio/yo-en_setC_SPEAKER_instr-facilitator-wait-001.wav,7.083,"Mixed Yoruba workflow: Dell Latitude E5450, Praat, Zoom recorder, and Android phone",quiet,,yes,2026-08-15,Yoruba reference text and audio alignment confirmed by contributor for development V0.
v0-yo-0014,spk-yo-001,yo-en,scaffolding_utterance,instr-practice-drill-001,Jẹ́ ká gbìyànjú àdánwò kékeré kan. Ready? Bẹ̀rẹ̀!,dataset-v0/audio/yo-en_setC_SPEAKER_instr-practice-drill-001.wav,7.189,"Mixed Yoruba workflow: Dell Latitude E5450, Praat, Zoom recorder, and Android phone",quiet,,yes,2026-08-15,Yoruba reference text and audio alignment confirmed by contributor for development V0.
v0-yo-0015,spk-yo-001,yo-en,scaffolding_utterance,praise-first-try-beginner-001,"Ó yani lẹ́nu! Well done, ó tọ́ pátápátá!",dataset-v0/audio/yo-en_setC_SPEAKER_praise-first-try-beginner-001.wav,7.360,"Mixed Yoruba workflow: Dell Latitude E5450, Praat, Zoom recorder, and Android phone",quiet,,yes,2026-08-15,Yoruba reference text and audio alignment confirmed by contributor for development V0.
v0-yo-0016,spk-yo-001,yo-en,scaffolding_utterance,praise-first-try-syllable-001,"Ó dára! O ka a dáadáa, [[well done]]!",dataset-v0/audio/yo-en_setC_SPEAKER_praise-first-try-syllable-001.wav,5.141,"Mixed Yoruba workflow: Dell Latitude E5450, Praat, Zoom recorder, and Android phone",quiet,,yes,2026-08-15,Yoruba reference text and audio alignment confirmed by contributor for development V0.
v0-yo-0017,spk-yo-001,yo-en,scaffolding_utterance,praise-first-try-word-001,"Ó dára! O ka ọ̀rọ̀ náà dáadáa, well done!",dataset-v0/audio/yo-en_setC_SPEAKER_praise-first-try-word-001.wav,6.912,"Mixed Yoruba workflow: Dell Latitude E5450, Praat, Zoom recorder, and Android phone",quiet,,yes,2026-08-15,Yoruba reference text and audio alignment confirmed by contributor for development V0.
v0-yo-0018,spk-yo-001,yo-en,scaffolding_utterance,praise-first-try-paragraph-001,"Ó dára púpọ̀! O ka gbogbo ìtàn náà dáadáa, well done!",dataset-v0/audio/yo-en_setC_SPEAKER_praise-first-try-paragraph-001.wav,8.043,"Mixed Yoruba workflow: Dell Latitude E5450, Praat, Zoom recorder, and Android phone",quiet,,yes,2026-08-15,Yoruba reference text and audio alignment confirmed by contributor for development V0.
v0-yo-0019,spk-yo-001,yo-en,scaffolding_utterance,praise-first-try-story-001,"Ó dára gan! O ka ìtàn náà dáadáa, well done!",dataset-v0/audio/yo-en_setC_SPEAKER_praise-first-try-story-001.wav,6.571,"Mixed Yoruba workflow: Dell Latitude E5450, Praat, Zoom recorder, and Android phone",quiet,,yes,2026-08-15,Yoruba reference text and audio alignment confirmed by contributor for development V0.
v0-yo-0020,spk-yo-001,yo-en,scaffolding_utterance,praise-after-retry-word-001,"Àgbàdo! O gbìyànjú, o ṣe é! Good job!",dataset-v0/audio/yo-en_setC_SPEAKER_praise-after-retry-word-001.wav,5.909,"Mixed Yoruba workflow: Dell Latitude E5450, Praat, Zoom recorder, and Android phone",quiet,,yes,2026-08-15,Yoruba reference text and audio alignment confirmed by contributor for development V0.
v0-yo-0021,spk-yo-001,yo-en,scaffolding_utterance,praise-after-retry-syllable-001,"Ẹ̀yẹn ni! O ti ṣe é. Well done, ọmọ mi!",dataset-v0/audio/yo-en_setC_SPEAKER_praise-after-retry-syllable-001.wav,6.656,"Mixed Yoruba workflow: Dell Latitude E5450, Praat, Zoom recorder, and Android phone",quiet,,yes,2026-08-15,Yoruba reference text and audio alignment confirmed by contributor for development V0.
v0-yo-0022,spk-yo-001,yo-en,scaffolding_utterance,praise-comprehension-001,"Ìdáhùn rẹ dára gan-an! Well done, ọmọ mi!",dataset-v0/audio/yo-en_setC_SPEAKER_praise-comprehension-001.wav,6.720,"Mixed Yoruba workflow: Dell Latitude E5450, Praat, Zoom recorder, and Android phone",quiet,,yes,2026-08-15,Yoruba reference text and audio alignment confirmed by contributor for development V0.
v0-yo-0023,spk-yo-001,yo-en,scaffolding_utterance,praise-effort-general-001,"Ó dára! O gbìyànjú gan-an, mo fẹ́ràn ìyẹn!",dataset-v0/audio/yo-en_setC_SPEAKER_praise-effort-general-001.wav,6.720,"Mixed Yoruba workflow: Dell Latitude E5450, Praat, Zoom recorder, and Android phone",quiet,,yes,2026-08-15,Yoruba reference text and audio alignment confirmed by contributor for development V0.
v0-yo-0024,spk-yo-001,yo-en,scaffolding_utterance,praise-improvement-001,"Ó dára! O ti n ṣe better ju ìbẹ̀rẹ̀ lọ, mo fẹ́ràn rẹ̀!",dataset-v0/audio/yo-en_setC_SPEAKER_praise-improvement-001.wav,9.067,"Mixed Yoruba workflow: Dell Latitude E5450, Praat, Zoom recorder, and Android phone",quiet,,yes,2026-08-15,Yoruba reference text and audio alignment confirmed by contributor for development V0.
v0-yo-0025,spk-yo-001,yo-en,scaffolding_utterance,praise-confidence-001,"Ó dára! O ka pẹ̀lú ìgboyà, well done!",dataset-v0/audio/yo-en_setC_SPEAKER_praise-confidence-001.wav,6.933,"Mixed Yoruba workflow: Dell Latitude E5450, Praat, Zoom recorder, and Android phone",quiet,,yes,2026-08-15,Yoruba reference text and audio alignment confirmed by contributor for development V0.
v0-yo-0026,spk-yo-001,yo-en,scaffolding_utterance,praise-self-correct-001,"Ó dára! O ṣe àṣìṣe, o sì ṣe àtúnṣe rẹ̀ dára! Well done!",dataset-v0/audio/yo-en_setC_SPEAKER_praise-self-correct-001.wav,8.683,"Mixed Yoruba workflow: Dell Latitude E5450, Praat, Zoom recorder, and Android phone",quiet,,yes,2026-08-15,Yoruba reference text and audio alignment confirmed by contributor for development V0.
v0-yo-0027,spk-yo-001,yo-en,scaffolding_utterance,praise-creative-answer-001,"Ìdáhùn rẹ dára gan-an! Wow, o ronú nǹkan tó ṣàánú púpọ̀!",dataset-v0/audio/yo-en_setC_SPEAKER_praise-creative-answer-001.wav,7.744,"Mixed Yoruba workflow: Dell Latitude E5450, Praat, Zoom recorder, and Android phone",quiet,,yes,2026-08-15,Yoruba reference text and audio alignment confirmed by contributor for development V0.
v0-yo-0028,spk-yo-001,yo-en,scaffolding_utterance,praise-quiet-progress-001,"Ó dára! Well done, ọmọ mi. Mo gbọ́ ọ dáadáa.",dataset-v0/audio/yo-en_setC_SPEAKER_praise-quiet-progress-001.wav,6.741,"Mixed Yoruba workflow: Dell Latitude E5450, Praat, Zoom recorder, and Android phone",quiet,,yes,2026-08-15,Yoruba reference text and audio alignment confirmed by contributor for development V0.
v0-yo-0029,spk-yo-001,yo-en,scaffolding_utterance,hint-letter-sound-001,Wo lẹ́tà yìí. Ó ń ṣe ohun wo?,dataset-v0/audio/yo-en_setC_SPEAKER_hint-letter-sound-001.wav,6.848,"Mixed Yoruba workflow: Dell Latitude E5450, Praat, Zoom recorder, and Android phone",quiet,,yes,2026-08-15,Yoruba reference text and audio alignment confirmed by contributor for development V0.
v0-yo-0030,spk-yo-001,yo-en,scaffolding_utterance,hint-syllable-blend-001,"Jẹ́ kí a darapọ̀ mọ́ ara wọn: ṣe àkójọpọ̀, sọ wọ́n papọ̀!",dataset-v0/audio/yo-en_setC_SPEAKER_hint-syllable-blend-001.wav,6.699,"Mixed Yoruba workflow: Dell Latitude E5450, Praat, Zoom recorder, and Android phone",quiet,,yes,2026-08-15,Yoruba reference text and audio alignment confirmed by contributor for development V0.
v0-yo-0031,spk-yo-001,yo-en,scaffolding_utterance,hint-word-first-letter-001,Wo lẹ́tà àkọ́kọ́ ọ̀rọ̀ yẹn. Èwo ni?,dataset-v0/audio/yo-en_setC_SPEAKER_hint-word-first-letter-001.wav,5.333,"Mixed Yoruba workflow: Dell Latitude E5450, Praat, Zoom recorder, and Android phone",quiet,,yes,2026-08-15,Yoruba reference text and audio alignment confirmed by contributor for development V0.
v0-yo-0032,spk-yo-001,yo-en,scaffolding_utterance,hint-word-familiar-001,Wo ọ̀rọ̀ yìí dára! Ó dà bí ọ̀rọ̀ tí o mọ̀ tẹ́lẹ̀.,dataset-v0/audio/yo-en_setC_SPEAKER_hint-word-familiar-001.wav,7.189,"Mixed Yoruba workflow: Dell Latitude E5450, Praat, Zoom recorder, and Android phone",quiet,,yes,2026-08-15,Yoruba reference text and audio alignment confirmed by contributor for development V0.
v0-yo-0033,spk-yo-001,yo-en,scaffolding_utterance,hint-sentence-context-001,Wo ó! Wo àwọn ọ̀rọ̀ mìíràn nínú gbolohun náà — wọn lè ràn ọ́ lọ́wọ́.,dataset-v0/audio/yo-en_setC_SPEAKER_hint-sentence-context-001.wav,8.427,"Mixed Yoruba workflow: Dell Latitude E5450, Praat, Zoom recorder, and Android phone",quiet,,yes,2026-08-15,Yoruba reference text and audio alignment confirmed by contributor for development V0.
v0-yo-0034,spk-yo-001,yo-en,scaffolding_utterance,hint-story-context-001,Rò ó! Kí ló ṣẹlẹ̀ nínú ìtàn wa? Èyí tó bá ìtàn mu ni ó tọ̀.,dataset-v0/audio/yo-en_setC_SPEAKER_hint-story-context-001.wav,7.296,"Mixed Yoruba workflow: Dell Latitude E5450, Praat, Zoom recorder, and Android phone",quiet,,yes,2026-08-15,Yoruba reference text and audio alignment confirmed by contributor for development V0.
v0-yo-0035,spk-yo-001,yo-en,scaffolding_utterance,hint-comprehension-001,Rántí ohun tó ṣẹlẹ̀ ní ìbẹ̀rẹ̀ ìtàn wa. Think back!,dataset-v0/audio/yo-en_setC_SPEAKER_hint-comprehension-001.wav,6.592,"Mixed Yoruba workflow: Dell Latitude E5450, Praat, Zoom recorder, and Android phone",quiet,,yes,2026-08-15,Yoruba reference text and audio alignment confirmed by contributor for development V0.
v0-yo-0036,spk-yo-001,yo-en,scaffolding_utterance,hint-slow-sound-out-001,"Jẹ ká gbiyanju lẹ́ẹ̀kan sí i. Sọ ohun kọ̀ọ̀kan lọ́ra lọ́ra, slowly!",dataset-v0/audio/yo-en_setC_SPEAKER_hint-slow-sound-out-001.wav,6.912,"Mixed Yoruba workflow: Dell Latitude E5450, Praat, Zoom recorder, and Android phone",quiet,,yes,2026-08-15,Yoruba reference text and audio alignment confirmed by contributor for development V0.
v0-yo-0037,spk-yo-001,yo-en,scaffolding_utterance,hint-look-again-001,Dúró! Wo ọ̀rọ̀ náà mọ́jú kíyèsí àárọ̀ rẹ̀ — look again!,dataset-v0/audio/yo-en_setC_SPEAKER_hint-look-again-001.wav,7.040,"Mixed Yoruba workflow: Dell Latitude E5450, Praat, Zoom recorder, and Android phone",quiet,,yes,2026-08-15,Yoruba reference text and audio alignment confirmed by contributor for development V0.
v0-yo-0038,spk-yo-001,yo-en,scaffolding_utterance,hint-break-it-down-001,"Jẹ́ ká gbìyànjú — broken si awọn ìpín kéékéré, ó dára?",dataset-v0/audio/yo-en_setC_SPEAKER_hint-break-it-down-001.wav,8.235,"Mixed Yoruba workflow: Dell Latitude E5450, Praat, Zoom recorder, and Android phone",quiet,,yes,2026-08-15,Yoruba reference text and audio alignment confirmed by contributor for development V0.
v0-yo-0039,spk-yo-001,yo-en,scaffolding_utterance,hint-picture-clue-001,Ronu: kí ni àwòrán rẹ̀ trông bii? Draw am lórí ọkàn rẹ!,dataset-v0/audio/yo-en_setC_SPEAKER_hint-picture-clue-001.wav,6.165,"Mixed Yoruba workflow: Dell Latitude E5450, Praat, Zoom recorder, and Android phone",quiet,,yes,2026-08-15,Yoruba reference text and audio alignment confirmed by contributor for development V0.
v0-yo-0040,spk-yo-001,yo-en,scaffolding_utterance,hint-try-whisper-001,Ẹ má bẹ̀rù! Whisper ohun náà kánkán fún mi.,dataset-v0/audio/yo-en_setC_SPEAKER_hint-try-whisper-001.wav,5.611,"Mixed Yoruba workflow: Dell Latitude E5450, Praat, Zoom recorder, and Android phone",quiet,,yes,2026-08-15,Yoruba reference text and audio alignment confirmed by contributor for development V0.
v0-yo-0041,spk-yo-001,yo-en,scaffolding_utterance,correction-letter-soft-001,"Ó dára, ṣùgbọ́n ẹ̀kọ́ náà jẹ́ ""try again"" — tún gbọ́ó.",dataset-v0/audio/yo-en_setC_SPEAKER_correction-letter-soft-001.wav,7.872,"Mixed Yoruba workflow: Dell Latitude E5450, Praat, Zoom recorder, and Android phone",quiet,,yes,2026-08-15,Yoruba reference text and audio alignment confirmed by contributor for development V0.
v0-yo-0042,spk-yo-001,yo-en,scaffolding_utterance,correction-syllable-soft-001,"Ẹ̀yẹ! Jẹ́ ká gbìyànjú lẹ́ẹ̀kan sí i, try again!",dataset-v0/audio/yo-en_setC_SPEAKER_correction-syllable-soft-001.wav,7.680,"Mixed Yoruba workflow: Dell Latitude E5450, Praat, Zoom recorder, and Android phone",quiet,,yes,2026-08-15,Yoruba reference text and audio alignment confirmed by contributor for development V0.
v0-yo-0043,spk-yo-001,yo-en,scaffolding_utterance,correction-word-soft-001,"Ẹ̀yin ọmọ, gbiyanjú mọ́. Ọ̀rọ̀ náà jẹ́ ""aso"", ṣe try again.",dataset-v0/audio/yo-en_setC_SPEAKER_correction-word-soft-001.wav,9.323,"Mixed Yoruba workflow: Dell Latitude E5450, Praat, Zoom recorder, and Android phone",quiet,,yes,2026-08-15,Yoruba reference text and audio alignment confirmed by contributor for development V0.
v0-yo-0044,spk-yo-001,yo-en,scaffolding_utterance,correction-sentence-soft-001,"Ẹ jẹ ká gbìyànjú mọ̀. Jọwọ, ka gbólóọ̀run náà lẹ́ẹ̀kan sí i.",dataset-v0/audio/yo-en_setC_SPEAKER_correction-sentence-soft-001.wav,10.688,"Mixed Yoruba workflow: Dell Latitude E5450, Praat, Zoom recorder, and Android phone",quiet,,yes,2026-08-15,Yoruba reference text and audio alignment confirmed by contributor for development V0.
v0-yo-0045,spk-yo-002,yo-en,scaffolding_utterance,correction-model-pronunciation-001,"Gbọ́ dáadáa: ""ọ̀wọ̀."" Ẹ̀yin repeat rẹ̀ — ""ọ̀wọ̀!""",dataset-v0/audio/yo-en_setC_SPEAKER_correction-model-pronunciation-001.wav,5.750,"Mixed Yoruba workflow: Dell Latitude E5450, Praat, Zoom recorder, and Android phone",quiet,,yes,2026-08-15,Yoruba reference text and audio alignment confirmed by contributor for development V0.
v0-yo-0046,spk-yo-002,yo-en,scaffolding_utterance,correction-comprehension-001,"Ò tó! Ẹ jẹ ká tún wo ìtàn náà, sai? Kí ni ó sọ?",dataset-v0/audio/yo-en_setC_SPEAKER_correction-comprehension-001.wav,5.587,"Mixed Yoruba workflow: Dell Latitude E5450, Praat, Zoom recorder, and Android phone",quiet,,yes,2026-08-15,Yoruba reference text and audio alignment confirmed by contributor for development V0.
v0-yo-0047,spk-yo-002,yo-en,scaffolding_utterance,correction-skip-word-001,"Ó dára, ṣùgbọ́n ọ̀rọ̀ kan wà tí o fo. Jẹ́ ká try again!",dataset-v0/audio/yo-en_setC_SPEAKER_correction-skip-word-001.wav,6.705,"Mixed Yoruba workflow: Dell Latitude E5450, Praat, Zoom recorder, and Android phone",quiet,,yes,2026-08-15,Yoruba reference text and audio alignment confirmed by contributor for development V0.
v0-yo-0048,spk-yo-002,yo-en,scaffolding_utterance,correction-mixed-up-order-001,"Ọmọ mi, ó dára, ṣùgbọ́n ìtọ́sọ̀nà ohùn náà yí padà. Jẹ́ ká try again!",dataset-v0/audio/yo-en_setC_SPEAKER_correction-mixed-up-order-001.wav,4.043,"Mixed Yoruba workflow: Dell Latitude E5450, Praat, Zoom recorder, and Android phone",quiet,,yes,2026-08-15,Yoruba reference text and audio alignment confirmed by contributor for development V0.
v0-yo-0049,spk-yo-002,yo-en,scaffolding_utterance,correction-persistent-error-001,"Kò burú, ẹ jẹ ká skip èyí kí a siwaju.",dataset-v0/audio/yo-en_setC_SPEAKER_correction-persistent-error-001.wav,7.050,"Mixed Yoruba workflow: Dell Latitude E5450, Praat, Zoom recorder, and Android phone",quiet,,yes,2026-08-15,Yoruba reference text and audio alignment confirmed by contributor for development V0.
v0-yo-0050,spk-yo-002,yo-en,scaffolding_utterance,correction-mispronounce-name-001,Ó dára! Ṣùgbọ́n jẹ́ ká sọ orúkọ rẹ̀ pọ̀: repeat after me — Àmíná.,dataset-v0/audio/yo-en_setC_SPEAKER_correction-mispronounce-name-001.wav,7.233,"Mixed Yoruba workflow: Dell Latitude E5450, Praat, Zoom recorder, and Android phone",quiet,,yes,2026-08-15,Yoruba reference text and audio alignment confirmed by contributor for development V0.
v0-yo-0051,spk-yo-002,yo-en,scaffolding_utterance,level-up-beginner-to-letter-001,"Ó dára! O ṣe dáradára. Jẹ ká wo àwọn lẹ́tà báyìí, ṣe é bẹ́ẹ̀?",dataset-v0/audio/yo-en_setC_SPEAKER_level-up-beginner-to-letter-001.wav,5.215,"Mixed Yoruba workflow: Dell Latitude E5450, Praat, Zoom recorder, and Android phone",quiet,,yes,2026-08-15,Yoruba reference text and audio alignment confirmed by contributor for development V0.
v0-yo-0052,spk-yo-002,yo-en,scaffolding_utterance,level-up-letter-to-word-001,Ó dára! O ti ṣe é! Jẹ ká lọ kà ọ̀rọ̀ pọ̀ báyìí.,dataset-v0/audio/yo-en_setC_SPEAKER_level-up-letter-to-word-001.wav,5.018,"Mixed Yoruba workflow: Dell Latitude E5450, Praat, Zoom recorder, and Android phone",quiet,,yes,2026-08-15,Yoruba reference text and audio alignment confirmed by contributor for development V0.
v0-yo-0053,spk-yo-002,yo-en,scaffolding_utterance,level-up-word-to-paragraph-001,Ẹ wà o! O ṣe daradara. Jẹ ká ka paragraph papọ̀ bayi!,dataset-v0/audio/yo-en_setC_SPEAKER_level-up-word-to-paragraph-001.wav,6.075,"Mixed Yoruba workflow: Dell Latitude E5450, Praat, Zoom recorder, and Android phone",quiet,,yes,2026-08-15,Yoruba reference text and audio alignment confirmed by contributor for development V0.
v0-yo-0054,spk-yo-002,yo-en,scaffolding_utterance,level-up-paragraph-to-story-001,Ẹ wà! Ó dára púpọ̀! A máa ń ka ìtàn nísinsìnyí. Well done!,dataset-v0/audio/yo-en_setC_SPEAKER_level-up-paragraph-to-story-001.wav,7.822,"Mixed Yoruba workflow: Dell Latitude E5450, Praat, Zoom recorder, and Android phone",quiet,,yes,2026-08-15,Yoruba reference text and audio alignment confirmed by contributor for development V0.
v0-yo-0055,spk-yo-002,yo-en,scaffolding_utterance,level-stay-beginner-001,"Ó dára, a máa ń ṣe àtúnyẹ̀wò papọ̀ rẹ̀. Keep going, ìwọ ń ṣe dáadáa!",dataset-v0/audio/yo-en_setC_SPEAKER_level-stay-beginner-001.wav,7.192,"Mixed Yoruba workflow: Dell Latitude E5450, Praat, Zoom recorder, and Android phone",quiet,,yes,2026-08-15,Yoruba reference text and audio alignment confirmed by contributor for development V0.
v0-yo-0056,spk-yo-002,yo-en,scaffolding_utterance,level-stay-letter-001,"Ó dára, a máa wà níbí. A óò practice lẹ́tà pọ̀ síi!",dataset-v0/audio/yo-en_setC_SPEAKER_level-stay-letter-001.wav,6.542,"Mixed Yoruba workflow: Dell Latitude E5450, Praat, Zoom recorder, and Android phone",quiet,,yes,2026-08-15,Yoruba reference text and audio alignment confirmed by contributor for development V0.
v0-yo-0057,spk-yo-002,yo-en,scaffolding_utterance,level-stay-word-001,"Kò tọ̀pọ̀lọpọ̀! A máa ń ṣe àwọn ọ̀rọ̀ síi papọ̀, okay?",dataset-v0/audio/yo-en_setC_SPEAKER_level-stay-word-001.wav,6.576,"Mixed Yoruba workflow: Dell Latitude E5450, Praat, Zoom recorder, and Android phone",quiet,,yes,2026-08-15,Yoruba reference text and audio alignment confirmed by contributor for development V0.
v0-yo-0058,spk-yo-002,yo-en,scaffolding_utterance,level-stay-paragraph-001,"Ó dára, a ó máa ṣiṣẹ pẹ̀lú paragraph. O ń ṣe dáadáa!",dataset-v0/audio/yo-en_setC_SPEAKER_level-stay-paragraph-001.wav,8.635,"Mixed Yoruba workflow: Dell Latitude E5450, Praat, Zoom recorder, and Android phone",quiet,,yes,2026-08-15,Yoruba reference text and audio alignment confirmed by contributor for development V0.
v0-yo-0059,spk-yo-002,yo-en,scaffolding_utterance,level-down-word-to-letter-001,"Ó dára, ẹ jẹ́ ká ṣe àtúnyẹ̀wò lẹ́tà díẹ̀ papọ̀. Ready? Jẹ́ kí a bẹ̀rẹ̀!",dataset-v0/audio/yo-en_setC_SPEAKER_level-down-word-to-letter-001.wav,6.806,"Mixed Yoruba workflow: Dell Latitude E5450, Praat, Zoom recorder, and Android phone",quiet,,yes,2026-08-15,Yoruba reference text and audio alignment confirmed by contributor for development V0.
v0-yo-0060,spk-yo-002,yo-en,scaffolding_utterance,level-first-assessment-001,"Ẹ káàbọ̀! Ní ìtẹ̀jáde àkọ́kọ́ yìí, a ó wá ìpele tó dára jù fún ọ.",dataset-v0/audio/yo-en_setC_SPEAKER_level-first-assessment-001.wav,6.237,"Mixed Yoruba workflow: Dell Latitude E5450, Praat, Zoom recorder, and Android phone",quiet,,yes,2026-08-15,Yoruba reference text and audio alignment confirmed by contributor for development V0.
v0-yo-0061,spk-yo-002,yo-en,scaffolding_utterance,encourage-tired-001,"Ẹ̀yẹ kékeré, o ṣe dára! Keep going, a fẹ́rẹ̀ parí!",dataset-v0/audio/yo-en_setC_SPEAKER_encourage-tired-001.wav,5.120,"Mixed Yoruba workflow: Dell Latitude E5450, Praat, Zoom recorder, and Android phone",quiet,,yes,2026-08-15,Yoruba reference text and audio alignment confirmed by contributor for development V0.
v0-yo-0062,spk-yo-002,yo-en,scaffolding_utterance,encourage-frustrated-001,"Ẹ má worry, ọmọ mi! Ìdánwò ni — ìwọ ń ṣe dáadáa.",dataset-v0/audio/yo-en_setC_SPEAKER_encourage-frustrated-001.wav,5.730,"Mixed Yoruba workflow: Dell Latitude E5450, Praat, Zoom recorder, and Android phone",quiet,,yes,2026-08-15,Yoruba reference text and audio alignment confirmed by contributor for development V0.
v0-yo-0063,spk-yo-002,yo-en,scaffolding_utterance,encourage-nervous-001,"Ẹ̀rù má bà ọ, ọmọ mi. Ìwọ lè ṣe é — no worries rárá!",dataset-v0/audio/yo-en_setC_SPEAKER_encourage-nervous-001.wav,5.669,"Mixed Yoruba workflow: Dell Latitude E5450, Praat, Zoom recorder, and Android phone",quiet,,yes,2026-08-15,Yoruba reference text and audio alignment confirmed by contributor for development V0.
v0-yo-0064,spk-yo-002,yo-en,scaffolding_utterance,encourage-halfway-001,"Ó dára! O ṣe dáadáa, keep it up! Ẹ̀kọ́ wa fẹ́rẹ̀ parí.",dataset-v0/audio/yo-en_setC_SPEAKER_encourage-halfway-001.wav,6.806,"Mixed Yoruba workflow: Dell Latitude E5450, Praat, Zoom recorder, and Android phone",quiet,,yes,2026-08-15,Yoruba reference text and audio alignment confirmed by contributor for development V0.
v0-yo-0065,spk-yo-002,yo-en,scaffolding_utterance,encourage-hard-item-001,"Ó dára! Ìbéèrè tó ń bọ̀ yìí le díẹ̀, ṣùgbọ́n mo gbádùn fún ọ!",dataset-v0/audio/yo-en_setC_SPEAKER_encourage-hard-item-001.wav,5.709,"Mixed Yoruba workflow: Dell Latitude E5450, Praat, Zoom recorder, and Android phone",quiet,,yes,2026-08-15,Yoruba reference text and audio alignment confirmed by contributor for development V0.
v0-yo-0066,spk-yo-002,yo-en,scaffolding_utterance,encourage-after-break-001,"Ẹ káàbọ̀ padà! Welcome back, jẹ́ ká tẹ̀síwájú papọ̀ nhẹ̀!",dataset-v0/audio/yo-en_setC_SPEAKER_encourage-after-break-001.wav,6.122,"Mixed Yoruba workflow: Dell Latitude E5450, Praat, Zoom recorder, and Android phone",quiet,,yes,2026-08-15,Yoruba reference text and audio alignment confirmed by contributor for development V0.
v0-yo-0067,spk-yo-002,yo-en,scaffolding_utterance,encourage-quiet-voice-001,"Ẹ jẹ́ kí a gbọ́ ọ̀ ẹ! Sọ̀rọ̀ síi, speak up, ìwọ lè ṣe é!",dataset-v0/audio/yo-en_setC_SPEAKER_encourage-quiet-voice-001.wav,5.994,"Mixed Yoruba workflow: Dell Latitude E5450, Praat, Zoom recorder, and Android phone",quiet,,yes,2026-08-15,Yoruba reference text and audio alignment confirmed by contributor for development V0.
v0-yo-0068,spk-yo-002,yo-en,scaffolding_utterance,encourage-distraction-001,"Ẹ wá, jẹ ká padà! Focus, ọmọ mi — a ń ṣe nǹkan tó dára!",dataset-v0/audio/yo-en_setC_SPEAKER_encourage-distraction-001.wav,6.136,"Mixed Yoruba workflow: Dell Latitude E5450, Praat, Zoom recorder, and Android phone",quiet,,yes,2026-08-15,Yoruba reference text and audio alignment confirmed by contributor for development V0.
v0-yo-0069,spk-yo-002,yo-en,scaffolding_utterance,closing-session-complete-001,Ó dára! Good job lónìí. Ìwé kíkà wa máa ń bá a lọ lọ́la!,dataset-v0/audio/yo-en_setC_SPEAKER_closing-session-complete-001.wav,5.811,"Mixed Yoruba workflow: Dell Latitude E5450, Praat, Zoom recorder, and Android phone",quiet,,yes,2026-08-15,Yoruba reference text and audio alignment confirmed by contributor for development V0.
v0-yo-0070,spk-yo-002,yo-en,scaffolding_utterance,closing-session-paused-001,"Dára, a ó tún padà wá. A lè tẹ̀síwájú lẹ́yìn náà, ọkàn mi!",dataset-v0/audio/yo-en_setC_SPEAKER_closing-session-paused-001.wav,5.547,"Mixed Yoruba workflow: Dell Latitude E5450, Praat, Zoom recorder, and Android phone",quiet,,yes,2026-08-15,Yoruba reference text and audio alignment confirmed by contributor for development V0.
v0-yo-0071,spk-yo-002,yo-en,scaffolding_utterance,closing-session-ended-early-001,"Ó dára, a máa padà wá ọjọ́ tó ń bọ̀. O ṣe àgbàdo, ọmọ mi!",dataset-v0/audio/yo-en_setC_SPEAKER_closing-session-ended-early-001.wav,5.161,"Mixed Yoruba workflow: Dell Latitude E5450, Praat, Zoom recorder, and Android phone",quiet,,yes,2026-08-15,Yoruba reference text and audio alignment confirmed by contributor for development V0.
v0-yo-0072,spk-yo-002,yo-en,scaffolding_utterance,closing-level-summary-001,"Ìwọ ń ṣiṣẹ́ dáadáa! Ìpele rẹ jẹ́ level one, ó dára gan-an!",dataset-v0/audio/yo-en_setC_SPEAKER_closing-level-summary-001.wav,4.978,"Mixed Yoruba workflow: Dell Latitude E5450, Praat, Zoom recorder, and Android phone",quiet,,yes,2026-08-15,Yoruba reference text and audio alignment confirmed by contributor for development V0.
v0-yo-0073,spk-yo-002,yo-en,scaffolding_utterance,closing-thank-you-001,"Ẹ jẹ́ kí a dúpẹ́! O ṣe dára gan-an lónìí, well done!",dataset-v0/audio/yo-en_setC_SPEAKER_closing-thank-you-001.wav,6.644,"Mixed Yoruba workflow: Dell Latitude E5450, Praat, Zoom recorder, and Android phone",quiet,,yes,2026-08-15,Yoruba reference text and audio alignment confirmed by contributor for development V0.
v0-yo-0074,spk-yo-002,yo-en,scaffolding_utterance,closing-see-you-next-time-001,Ó dàárọ̀! A ó padà wá ṣe àdáwọlé wa lọ́jọ́ tó ń bọ̀. Ó dára!,dataset-v0/audio/yo-en_setC_SPEAKER_closing-see-you-next-time-001.wav,4.450,"Mixed Yoruba workflow: Dell Latitude E5450, Praat, Zoom recorder, and Android phone",quiet,,yes,2026-08-15,Yoruba reference text and audio alignment confirmed by contributor for development V0.
v0-yo-0075,spk-yo-002,yo-en,scaffolding_utterance,repair-no-audio-001,"Hmm,미 mi ò gbọ́ ọ̀. Jọ̀wọ́ sọ lẹ́ẹ̀kan sí i!",dataset-v0/audio/yo-en_setC_SPEAKER_repair-no-audio-001.wav,3.799,"Mixed Yoruba workflow: Dell Latitude E5450, Praat, Zoom recorder, and Android phone",quiet,,yes,2026-08-15,Yoruba reference text and audio alignment confirmed by contributor for development V0.
v0-yo-0076,spk-yo-002,yo-en,scaffolding_utterance,repair-too-quiet-001,"Ẹ sọ lẹ́ẹ̀kan síi, sọ̀rọ̀ díẹ̀ louder!",dataset-v0/audio/yo-en_setC_SPEAKER_repair-too-quiet-001.wav,4.308,"Mixed Yoruba workflow: Dell Latitude E5450, Praat, Zoom recorder, and Android phone",quiet,,yes,2026-08-15,Yoruba reference text and audio alignment confirmed by contributor for development V0.
v0-yo-0077,spk-yo-002,yo-en,scaffolding_utterance,repair-background-noise-001,"Ẹ jọ̀ọ́, wá sún mọ́ fóònù, ariwo púpọ̀ wà!",dataset-v0/audio/yo-en_setC_SPEAKER_repair-background-noise-001.wav,3.759,"Mixed Yoruba workflow: Dell Latitude E5450, Praat, Zoom recorder, and Android phone",quiet,,yes,2026-08-15,Yoruba reference text and audio alignment confirmed by contributor for development V0.
v0-yo-0078,spk-yo-002,yo-en,scaffolding_utterance,repair-unclear-answer-001,"Ẹ jọ̀ọ́, sọ ìdáhùn rẹ mọ́ again.",dataset-v0/audio/yo-en_setC_SPEAKER_repair-unclear-answer-001.wav,4.124,"Mixed Yoruba workflow: Dell Latitude E5450, Praat, Zoom recorder, and Android phone",quiet,,yes,2026-08-15,Yoruba reference text and audio alignment confirmed by contributor for development V0.
v0-yo-0079,spk-yo-002,yo-en,scaffolding_utterance,repair-talked-over-001,"Dúró díẹ̀, jẹ́ kí n parí àsọ mi!",dataset-v0/audio/yo-en_setC_SPEAKER_repair-talked-over-001.wav,4.348,"Mixed Yoruba workflow: Dell Latitude E5450, Praat, Zoom recorder, and Android phone",quiet,,yes,2026-08-15,Yoruba reference text and audio alignment confirmed by contributor for development V0.
v0-yo-0080,spk-yo-002,yo-en,scaffolding_utterance,repair-confirm-low-confidence-001,"Ṣé o sọ pé ""cat""? Ìyẹn ni ohun tó gbọ́ dáadáa.",dataset-v0/audio/yo-en_setC_SPEAKER_repair-confirm-low-confidence-001.wav,5.709,"Mixed Yoruba workflow: Dell Latitude E5450, Praat, Zoom recorder, and Android phone",quiet,,yes,2026-08-15,Yoruba reference text and audio alignment confirmed by contributor for development V0.
v0-yo-0081,spk-yo-002,yo-en,scaffolding_utterance,escalate-call-facilitator-001,"Ẹ wọlé, ìgbìyànjú mẹ́ta ti kùnlẹ̀ lórí item yìí.",dataset-v0/audio/yo-en_setC_SPEAKER_escalate-call-facilitator-001.wav,4.754,"Mixed Yoruba workflow: Dell Latitude E5450, Praat, Zoom recorder, and Android phone",quiet,,yes,2026-08-15,Yoruba reference text and audio alignment confirmed by contributor for development V0.
v0-yo-0082,spk-yo-002,yo-en,scaffolding_utterance,escalate-technical-fault-001,Ìṣòro ẹ̀rọ wà. Session kò lè tẹ̀síwájú báyìí.,dataset-v0/audio/yo-en_setC_SPEAKER_escalate-technical-fault-001.wav,7.253,"Mixed Yoruba workflow: Dell Latitude E5450, Praat, Zoom recorder, and Android phone",quiet,,yes,2026-08-15,Yoruba reference text and audio alignment confirmed by contributor for development V0.
v0-yo-0083,spk-yo-002,yo-en,scaffolding_utterance,escalate-distress-handover-001,"Ó dára, màá bínú. Ẹni tó lè ràn ọ́ lọ́wọ́ ń bọ̀ ní báyìí.",dataset-v0/audio/yo-en_setC_SPEAKER_escalate-distress-handover-001.wav,4.762,"Mixed Yoruba workflow: Dell Latitude E5450, Praat, Zoom recorder, and Android phone",quiet,,yes,2026-08-15,Yoruba reference text and audio alignment confirmed by contributor for development V0.
v0-yo-0084,spk-yo-002,yo-en,scaffolding_utterance,escalate-helper-coming-001,"Dúró, ènìyàn kan wá láti ràn ọ́ lọ́wọ́ now.",dataset-v0/audio/yo-en_setC_SPEAKER_escalate-helper-coming-001.wav,6.576,"Mixed Yoruba workflow: Dell Latitude E5450, Praat, Zoom recorder, and Android phone",quiet,,yes,2026-08-15,Yoruba reference text and audio alignment confirmed by contributor for development V0.
v0-yo-0085,spk-yo-002,yo-en,scaffolding_utterance,facilitator-confirm-level-001,Jẹ́ kí a jẹrìí: a ti yàn ipele reading level kẹta. Ẹ fọwọ́ sí i?,dataset-v0/audio/yo-en_setC_SPEAKER_facilitator-confirm-level-001.wav,9.163,"Mixed Yoruba workflow: Dell Latitude E5450, Praat, Zoom recorder, and Android phone",quiet,,yes,2026-08-15,Yoruba reference text and audio alignment confirmed by contributor for development V0.
v0-yo-0086,spk-yo-002,yo-en,scaffolding_utterance,facilitator-session-summary-001,"Ìjókòó yìí ti parí. Ọmọ náà pari ìdánwò mẹ́ta, ó ṣẹṣẹ kọ ọrọ mẹ́rin tuntun, score rẹ̀ jẹ́ ìdajì.",dataset-v0/audio/yo-en_setC_SPEAKER_facilitator-session-summary-001.wav,7.335,"Mixed Yoruba workflow: Dell Latitude E5450, Praat, Zoom recorder, and Android phone",quiet,,yes,2026-08-15,Yoruba reference text and audio alignment confirmed by contributor for development V0.
v0-yo-b-0001,spk-yo-001,yo-en,scripted_prompt_reading,setB-01,Sọ fún mi nípa ilé-ìwé rẹ.,dataset-v0/audio/yo-en_setB_SPEAKER_setB-01.wav,3.434,"Mixed Yoruba workflow: Dell Latitude E5450, Praat, Zoom recorder, and Android phone",quiet,,yes,2026-08-15,Prompt: Sọ fún mi nípa ilé-ìwé rẹ. Contributor-confirmed scripted reading of prompt_text; this is not a spontaneous free-response answer. Audio and segmentation QA confirmed for development V0.
v0-yo-b-0002,spk-yo-001,yo-en,scripted_prompt_reading,setB-02,Kí ni o ṣe lánàá lẹ́yìn ilé-ìwé?,dataset-v0/audio/yo-en_setB_SPEAKER_setB-02.wav,3.556,"Mixed Yoruba workflow: Dell Latitude E5450, Praat, Zoom recorder, and Android phone",quiet,,yes,2026-08-15,Prompt: Kí ni o ṣe lánàá lẹ́yìn ilé-ìwé? Contributor-confirmed scripted reading of prompt_text; this is not a spontaneous free-response answer. Audio and segmentation QA confirmed for development V0.
v0-yo-b-0003,spk-yo-001,yo-en,scripted_prompt_reading,setB-03,Báwo ni o ṣe ń lọ sí ọjà láti ilé?,dataset-v0/audio/yo-en_setB_SPEAKER_setB-03.wav,3.556,"Mixed Yoruba workflow: Dell Latitude E5450, Praat, Zoom recorder, and Android phone",quiet,,yes,2026-08-15,Prompt: Báwo ni o ṣe ń lọ sí ọjà láti ilé? Contributor-confirmed scripted reading of prompt_text; this is not a spontaneous free-response answer. Audio and segmentation QA confirmed for development V0.
v0-yo-b-0004,spk-yo-001,yo-en,scripted_prompt_reading,setB-04,"Ẹ̀kọ́ wo ni o fẹ́ràn jùlọ, kí ló sì dé?",dataset-v0/audio/yo-en_setB_SPEAKER_setB-04.wav,4.165,"Mixed Yoruba workflow: Dell Latitude E5450, Praat, Zoom recorder, and Android phone",quiet,,yes,2026-08-15,"Prompt: Ẹ̀kọ́ wo ni o fẹ́ràn jùlọ, kí ló sì dé? Contributor-confirmed scripted reading of prompt_text; this is not a spontaneous free-response answer. Audio and segmentation QA confirmed for development V0."
v0-yo-b-0005,spk-yo-001,yo-en,scripted_prompt_reading,setB-05,Sọ fún mi nípa àkókò kan tí o ràn ẹnìkan lọ́wọ́.,dataset-v0/audio/yo-en_setB_SPEAKER_setB-05.wav,4.592,"Mixed Yoruba workflow: Dell Latitude E5450, Praat, Zoom recorder, and Android phone",quiet,,yes,2026-08-15,Prompt: Sọ fún mi nípa àkókò kan tí o ràn ẹnìkan lọ́wọ́. Contributor-confirmed scripted reading of prompt_text; this is not a spontaneous free-response answer. Audio and segmentation QA confirmed for development V0.
v0-yo-b-0006,spk-yo-001,yo-en,scripted_prompt_reading,setB-06,Ka ní ohùn sókè láti ọ̀kan dé ogún.,dataset-v0/audio/yo-en_setB_SPEAKER_setB-06.wav,4.308,"Mixed Yoruba workflow: Dell Latitude E5450, Praat, Zoom recorder, and Android phone",quiet,,yes,2026-08-15,Prompt: Ka ní ohùn sókè láti ọ̀kan dé ogún. Contributor-confirmed scripted reading of prompt_text; this is not a spontaneous free-response answer. Audio and segmentation QA confirmed for development V0.
v0-yo-b-0007,spk-yo-001,yo-en,scripted_prompt_reading,setB-07,Mélòó ni mẹ́ẹ̀ẹ́dógún kún èje? Sọ fún mi bí o ṣe rí ìdáhùn náà.,dataset-v0/audio/yo-en_setB_SPEAKER_setB-07.wav,6.400,"Mixed Yoruba workflow: Dell Latitude E5450, Praat, Zoom recorder, and Android phone",quiet,,yes,2026-08-15,Prompt: Mélòó ni mẹ́ẹ̀ẹ́dógún kún èje? Sọ fún mi bí o ṣe rí ìdáhùn náà. Contributor-confirmed scripted reading of prompt_text; this is not a spontaneous free-response answer. Audio and segmentation QA confirmed for development V0.
v0-yo-b-0008,spk-yo-001,yo-en,scripted_prompt_reading,setB-08,Sọ fún mi ohun kan tó ṣẹlẹ̀ ní ilé-ìwé ní ọ̀sẹ̀ yìí.,dataset-v0/audio/yo-en_setB_SPEAKER_setB-08.wav,4.632,"Mixed Yoruba workflow: Dell Latitude E5450, Praat, Zoom recorder, and Android phone",quiet,,yes,2026-08-15,Prompt: Sọ fún mi ohun kan tó ṣẹlẹ̀ ní ilé-ìwé ní ọ̀sẹ̀ yìí. Contributor-confirmed scripted reading of prompt_text; this is not a spontaneous free-response answer. Audio and segmentation QA confirmed for development V0.
v0-yo-b-0009,spk-yo-001,yo-en,scripted_prompt_reading,setB-09,Kí ni o fẹ́ ṣe nígbà tí o bá dàgbà?,dataset-v0/audio/yo-en_setB_SPEAKER_setB-09.wav,4.124,"Mixed Yoruba workflow: Dell Latitude E5450, Praat, Zoom recorder, and Android phone",quiet,,yes,2026-08-15,Prompt: Kí ni o fẹ́ ṣe nígbà tí o bá dàgbà? Contributor-confirmed scripted reading of prompt_text; this is not a spontaneous free-response answer. Audio and segmentation QA confirmed for development V0.
v0-yo-b-0010,spk-yo-001,yo-en,scripted_prompt_reading,setB-10,"Ṣàlàyé eré kan tí o ń ṣeré pẹ̀lú àwọn ọ̀rẹ́ rẹ, àti òfin rẹ̀.",dataset-v0/audio/yo-en_setB_SPEAKER_setB-10.wav,5.709,"Mixed Yoruba workflow: Dell Latitude E5450, Praat, Zoom recorder, and Android phone",quiet,,yes,2026-08-15,"Prompt: Ṣàlàyé eré kan tí o ń ṣeré pẹ̀lú àwọn ọ̀rẹ́ rẹ, àti òfin rẹ̀. Contributor-confirmed scripted reading of prompt_text; this is not a spontaneous free-response answer. Audio and segmentation QA confirmed for development V0."
v0-yo-child-a-yo-ls-001,spk-yo-003,yo,syllable,yo-ls-001,ba,dataset-v0/audio/yo-en_setA_spk-yo-003_yo-ls-001.wav,1.254,Android phone (model unspecified),quiet,2026-08-14,yes,2026-08-15,Reference text is the presented reading item; actual child performance may differ. Contributor and guardian consent confirmed; speaker/session mapping confirmed for V0.
v0-yo-child-a-yo-ls-002,spk-yo-003,yo,syllable,yo-ls-002,be,dataset-v0/audio/yo-en_setA_spk-yo-003_yo-ls-002.wav,1.416,Android phone (model unspecified),quiet,2026-08-14,yes,2026-08-15,Reference text is the presented reading item; actual child performance may differ. Contributor and guardian consent confirmed; speaker/session mapping confirmed for V0.
v0-yo-child-a-yo-ls-003,spk-yo-003,yo,syllable,yo-ls-003,bẹ,dataset-v0/audio/yo-en_setA_spk-yo-003_yo-ls-003.wav,1.556,Android phone (model unspecified),quiet,2026-08-14,yes,2026-08-15,Reference text is the presented reading item; actual child performance may differ. Contributor and guardian consent confirmed; speaker/session mapping confirmed for V0.
v0-yo-child-a-yo-ls-004,spk-yo-003,yo,syllable,yo-ls-004,bi,dataset-v0/audio/yo-en_setA_spk-yo-003_yo-ls-004.wav,1.416,Android phone (model unspecified),quiet,2026-08-14,yes,2026-08-15,Reference text is the presented reading item; actual child performance may differ. Contributor and guardian consent confirmed; speaker/session mapping confirmed for V0.
v0-yo-child-a-yo-ls-005,spk-yo-003,yo,syllable,yo-ls-005,bo,dataset-v0/audio/yo-en_setA_spk-yo-003_yo-ls-005.wav,2.603,Android phone (model unspecified),quiet,2026-08-14,yes,2026-08-15,Reference text is the presented reading item; actual child performance may differ. Contributor and guardian consent confirmed; speaker/session mapping confirmed for V0.
v0-yo-child-a-yo-ls-006,spk-yo-003,yo,syllable,yo-ls-006,bọ,dataset-v0/audio/yo-en_setA_spk-yo-003_yo-ls-006.wav,1.115,Android phone (model unspecified),quiet,2026-08-14,yes,2026-08-15,Reference text is the presented reading item; actual child performance may differ. Contributor and guardian consent confirmed; speaker/session mapping confirmed for V0.
v0-yo-child-a-yo-ls-007,spk-yo-003,yo,syllable,yo-ls-007,bu,dataset-v0/audio/yo-en_setA_spk-yo-003_yo-ls-007.wav,1.207,Android phone (model unspecified),quiet,2026-08-14,yes,2026-08-15,Reference text is the presented reading item; actual child performance may differ. Contributor and guardian consent confirmed; speaker/session mapping confirmed for V0.
v0-yo-child-a-yo-ls-008,spk-yo-003,yo,syllable,yo-ls-008,ma,dataset-v0/audio/yo-en_setA_spk-yo-003_yo-ls-008.wav,1.811,Android phone (model unspecified),quiet,2026-08-14,yes,2026-08-15,Reference text is the presented reading item; actual child performance may differ. Contributor and guardian consent confirmed; speaker/session mapping confirmed for V0.
v0-yo-child-a-yo-ls-009,spk-yo-003,yo,syllable,yo-ls-009,me,dataset-v0/audio/yo-en_setA_spk-yo-003_yo-ls-009.wav,2.219,Android phone (model unspecified),quiet,2026-08-14,yes,2026-08-15,Reference text is the presented reading item; actual child performance may differ. Contributor and guardian consent confirmed; speaker/session mapping confirmed for V0.
v0-yo-child-a-yo-ls-010,spk-yo-003,yo,syllable,yo-ls-010,mẹ,dataset-v0/audio/yo-en_setA_spk-yo-003_yo-ls-010.wav,0.952,Android phone (model unspecified),quiet,2026-08-14,yes,2026-08-15,Reference text is the presented reading item; actual child performance may differ. Contributor and guardian consent confirmed; speaker/session mapping confirmed for V0.
v0-yo-child-a-yo-ls-011,spk-yo-003,yo,syllable,yo-ls-011,mi,dataset-v0/audio/yo-en_setA_spk-yo-003_yo-ls-011.wav,0.999,Android phone (model unspecified),quiet,2026-08-14,yes,2026-08-15,Reference text is the presented reading item; actual child performance may differ. Contributor and guardian consent confirmed; speaker/session mapping confirmed for V0.
v0-yo-child-a-yo-ls-012,spk-yo-003,yo,syllable,yo-ls-012,mo,dataset-v0/audio/yo-en_setA_spk-yo-003_yo-ls-012.wav,2.554,Android phone (model unspecified),quiet,2026-08-14,yes,2026-08-15,Reference text is the presented reading item; actual child performance may differ. Contributor and guardian consent confirmed; speaker/session mapping confirmed for V0.
v0-yo-child-a-yo-ls-013,spk-yo-003,yo,syllable,yo-ls-013,mọ,dataset-v0/audio/yo-en_setA_spk-yo-003_yo-ls-013.wav,1.463,Android phone (model unspecified),quiet,2026-08-14,yes,2026-08-15,Reference text is the presented reading item; actual child performance may differ. Contributor and guardian consent confirmed; speaker/session mapping confirmed for V0.
v0-yo-child-a-yo-ls-014,spk-yo-003,yo,syllable,yo-ls-014,mu,dataset-v0/audio/yo-en_setA_spk-yo-003_yo-ls-014.wav,2.786,Android phone (model unspecified),quiet,2026-08-14,yes,2026-08-15,Reference text is the presented reading item; actual child performance may differ. Contributor and guardian consent confirmed; speaker/session mapping confirmed for V0.
v0-yo-child-a-yo-ls-015,spk-yo-003,yo,syllable,yo-ls-015,na,dataset-v0/audio/yo-en_setA_spk-yo-003_yo-ls-015.wav,1.207,Android phone (model unspecified),quiet,2026-08-14,yes,2026-08-15,Reference text is the presented reading item; actual child performance may differ. Contributor and guardian consent confirmed; speaker/session mapping confirmed for V0.
v0-yo-child-a-yo-ls-016,spk-yo-003,yo,syllable,yo-ls-016,ne,dataset-v0/audio/yo-en_setA_spk-yo-003_yo-ls-016.wav,1.899,Android phone (model unspecified),quiet,2026-08-14,yes,2026-08-15,Reference text is the presented reading item; actual child performance may differ. Contributor and guardian consent confirmed; speaker/session mapping confirmed for V0.
v0-yo-child-a-yo-ls-017,spk-yo-003,yo,syllable,yo-ls-017,nẹ,dataset-v0/audio/yo-en_setA_spk-yo-003_yo-ls-017.wav,1.207,Android phone (model unspecified),quiet,2026-08-14,yes,2026-08-15,Reference text is the presented reading item; actual child performance may differ. Contributor and guardian consent confirmed; speaker/session mapping confirmed for V0.
v0-yo-child-a-yo-ls-018,spk-yo-003,yo,syllable,yo-ls-018,ni,dataset-v0/audio/yo-en_setA_spk-yo-003_yo-ls-018.wav,2.647,Android phone (model unspecified),quiet,2026-08-14,yes,2026-08-15,Reference text is the presented reading item; actual child performance may differ. Contributor and guardian consent confirmed; speaker/session mapping confirmed for V0.
v0-yo-child-a-yo-ls-019,spk-yo-003,yo,syllable,yo-ls-019,no,dataset-v0/audio/yo-en_setA_spk-yo-003_yo-ls-019.wav,2.508,Android phone (model unspecified),quiet,2026-08-14,yes,2026-08-15,Reference text is the presented reading item; actual child performance may differ. Contributor and guardian consent confirmed; speaker/session mapping confirmed for V0.
v0-yo-child-a-yo-ls-021,spk-yo-003,yo,syllable,yo-ls-021,nu,dataset-v0/audio/yo-en_setA_spk-yo-003_yo-ls-021.wav,0.952,Android phone (model unspecified),quiet,2026-08-14,yes,2026-08-15,Reference text is the presented reading item; actual child performance may differ. Contributor and guardian consent confirmed; speaker/session mapping confirmed for V0.
v0-yo-child-a-yo-ls-022,spk-yo-003,yo,syllable,yo-ls-022,la,dataset-v0/audio/yo-en_setA_spk-yo-003_yo-ls-022.wav,1.695,Android phone (model unspecified),quiet,2026-08-14,yes,2026-08-15,Reference text is the presented reading item; actual child performance may differ. Contributor and guardian consent confirmed; speaker/session mapping confirmed for V0.
v0-yo-child-a-yo-ls-023,spk-yo-003,yo,syllable,yo-ls-023,le,dataset-v0/audio/yo-en_setA_spk-yo-003_yo-ls-023.wav,1.068,Android phone (model unspecified),quiet,2026-08-14,yes,2026-08-15,Reference text is the presented reading item; actual child performance may differ. Contributor and guardian consent confirmed; speaker/session mapping confirmed for V0.
v0-yo-child-a-yo-ls-024,spk-yo-003,yo,syllable,yo-ls-024,lẹ,dataset-v0/audio/yo-en_setA_spk-yo-003_yo-ls-024.wav,2.461,Android phone (model unspecified),quiet,2026-08-14,yes,2026-08-15,Reference text is the presented reading item; actual child performance may differ. Contributor and guardian consent confirmed; speaker/session mapping confirmed for V0.
v0-yo-child-a-yo-ls-025,spk-yo-003,yo,syllable,yo-ls-025,li,dataset-v0/audio/yo-en_setA_spk-yo-003_yo-ls-025.wav,2.043,Android phone (model unspecified),quiet,2026-08-14,yes,2026-08-15,Reference text is the presented reading item; actual child performance may differ. Contributor and guardian consent confirmed; speaker/session mapping confirmed for V0.
v0-yo-child-a-yo-ls-026,spk-yo-003,yo,syllable,yo-ls-026,lo,dataset-v0/audio/yo-en_setA_spk-yo-003_yo-ls-026.wav,2.508,Android phone (model unspecified),quiet,2026-08-14,yes,2026-08-15,Reference text is the presented reading item; actual child performance may differ. Contributor and guardian consent confirmed; speaker/session mapping confirmed for V0.
v0-yo-child-a-yo-ls-027,spk-yo-003,yo,syllable,yo-ls-027,lọ,dataset-v0/audio/yo-en_setA_spk-yo-003_yo-ls-027.wav,2.949,Android phone (model unspecified),quiet,2026-08-14,yes,2026-08-15,Reference text is the presented reading item; actual child performance may differ. Contributor and guardian consent confirmed; speaker/session mapping confirmed for V0.
v0-yo-child-a-yo-ls-028,spk-yo-003,yo,syllable,yo-ls-028,lu,dataset-v0/audio/yo-en_setA_spk-yo-003_yo-ls-028.wav,2.252,Android phone (model unspecified),quiet,2026-08-14,yes,2026-08-15,Reference text is the presented reading item; actual child performance may differ. Contributor and guardian consent confirmed; speaker/session mapping confirmed for V0.
v0-yo-child-a-yo-ls-029,spk-yo-003,yo,syllable,yo-ls-029,ka,dataset-v0/audio/yo-en_setA_spk-yo-003_yo-ls-029.wav,2.206,Android phone (model unspecified),quiet,2026-08-14,yes,2026-08-15,Reference text is the presented reading item; actual child performance may differ. Contributor and guardian consent confirmed; speaker/session mapping confirmed for V0.
v0-yo-child-a-yo-ls-030,spk-yo-003,yo,syllable,yo-ls-030,ki,dataset-v0/audio/yo-en_setA_spk-yo-003_yo-ls-030.wav,0.999,Android phone (model unspecified),quiet,2026-08-14,yes,2026-08-15,Reference text is the presented reading item; actual child performance may differ. Contributor and guardian consent confirmed; speaker/session mapping confirmed for V0.
v0-yo-child-a-yo-p-001,spk-yo-004,yo,paragraph,yo-p-001,Ìyá ń dáná fún oúnjẹ. Iná ń jó gbóná gbóná. Iná ń fún ni ìmọ́lẹ̀. Gbogbo wa fẹ́ràn iná gan-an.,dataset-v0/audio/yo-en_setA_spk-yo-004_yo-p-001.wav,10.101,Android phone (model unspecified),quiet,2026-08-14,yes,2026-08-15,Reference text is the presented reading item; actual child performance may differ. Contributor and guardian consent confirmed; speaker/session mapping confirmed for V0.
v0-yo-child-a-yo-p-002,spk-yo-004,yo,paragraph,yo-p-002,Mo fẹ́ràn kíka ìwé gidigidi. Ìyá àti bàbá mi ṣiṣẹ́. Mo ka ìwé fúnra mi. Kíka jẹ́ ìdùnnú fún mi.,dataset-v0/audio/yo-en_setA_spk-yo-004_yo-p-002.wav,11.169,Android phone (model unspecified),quiet,2026-08-14,yes,2026-08-15,Reference text is the presented reading item; actual child performance may differ. Contributor and guardian consent confirmed; speaker/session mapping confirmed for V0.
v0-yo-child-a-yo-s-001-q1,spk-yo-004,yo,comprehension_question,yo-s-001-q1,Ǹjẹ́ ọkọ́ ọkùnrin náà gùn tàbí kúrú ní ìbẹ̀rẹ̀ ìtàn náà?,dataset-v0/audio/yo-en_setA_spk-yo-004_yo-s-001-q1.wav,10.565,Android phone (model unspecified),quiet,2026-08-14,yes,2026-08-15,Reference text is the presented reading item; actual child performance may differ. Contributor and guardian consent confirmed; speaker/session mapping confirmed for V0.
v0-yo-child-a-yo-s-001-q2,spk-yo-004,yo,comprehension_question,yo-s-001-q2,Kí nìdí tí ọkùnrin náà fi ṣe ohun èlò tuntun fún ara rẹ̀?,dataset-v0/audio/yo-en_setA_spk-yo-004_yo-s-001-q2.wav,7.338,Android phone (model unspecified),quiet,2026-08-14,yes,2026-08-15,Reference text is the presented reading item; actual child performance may differ. Contributor and guardian consent confirmed; speaker/session mapping confirmed for V0.
v0-yo-child-a-yo-s-001,spk-yo-004,yo,story,yo-s-001,"Ọkọ́ rẹ̀ kúrú jù. Ọ̀nà ilẹ̀kùn rẹ̀ kéré jù. Ibùsùn rẹ̀ kúrú jù pẹ̀lú. Ọkùnrin yìí ga jù! Ó ṣe ọwọ ọkọ́ gígùn púpọ̀ kan. Ó ṣe ara ilẹ̀kùn gíga púpọ̀. Ó ṣe ibùsùn gígùn púpọ̀ kan. Ó kúrò ní ilé rẹ̀, ó sì gbé ní igbó ńlá kan. Ó gbé fún ọdún púpọ̀, ó sì láyọ̀.",dataset-v0/audio/yo-en_setA_spk-yo-004_yo-s-001.wav,29.768,Android phone (model unspecified),quiet,2026-08-14,yes,2026-08-15,Reference text is the presented reading item; actual child performance may differ. Contributor and guardian consent confirmed; speaker/session mapping confirmed for V0.
v0-yo-child-a-yo-s-002-q1,spk-yo-004,yo,comprehension_question,yo-s-002-q1,Kí ni Adé gbìn sínú ọgbà rẹ̀?,dataset-v0/audio/yo-en_setA_spk-yo-004_yo-s-002-q1.wav,4.644,Android phone (model unspecified),quiet,2026-08-14,yes,2026-08-15,Reference text is the presented reading item; actual child performance may differ. Contributor and guardian consent confirmed; speaker/session mapping confirmed for V0.
v0-yo-child-a-yo-s-002-q2,spk-yo-004,yo,comprehension_question,yo-s-002-q2,Kí nìdí tí ẹbí Adé fi láyọ̀ ní òpin ìtàn náà?,dataset-v0/audio/yo-en_setA_spk-yo-004_yo-s-002-q2.wav,8.220,Android phone (model unspecified),quiet,2026-08-14,yes,2026-08-15,Reference text is the presented reading item; actual child performance may differ. Contributor and guardian consent confirmed; speaker/session mapping confirmed for V0.
v0-yo-child-a-yo-w-011,spk-yo-004,yo,word,yo-w-011,ọwọ́,dataset-v0/audio/yo-en_setA_spk-yo-004_yo-w-011.wav,2.090,Android phone (model unspecified),quiet,2026-08-14,yes,2026-08-15,Reference text is the presented reading item; actual child performance may differ. Contributor and guardian consent confirmed; speaker/session mapping confirmed for V0.
v0-yo-child-a-yo-w-019,spk-yo-004,yo,word,yo-w-019,ọjà,dataset-v0/audio/yo-en_setA_spk-yo-004_yo-w-019.wav,2.438,Android phone (model unspecified),quiet,2026-08-14,yes,2026-08-15,Reference text is the presented reading item; actual child performance may differ. Contributor and guardian consent confirmed; speaker/session mapping confirmed for V0.
v0-yo-child-a-yo-w-021,spk-yo-004,yo,word,yo-w-021,odò,dataset-v0/audio/yo-en_setA_spk-yo-004_yo-w-021.wav,1.742,Android phone (model unspecified),quiet,2026-08-14,yes,2026-08-15,Reference text is the presented reading item; actual child performance may differ. Contributor and guardian consent confirmed; speaker/session mapping confirmed for V0.
v0-yo-child-a-yo-w-022,spk-yo-004,yo,word,yo-w-022,oòrùn,dataset-v0/audio/yo-en_setA_spk-yo-004_yo-w-022.wav,2.508,Android phone (model unspecified),quiet,2026-08-14,yes,2026-08-15,Reference text is the presented reading item; actual child performance may differ. Contributor and guardian consent confirmed; speaker/session mapping confirmed for V0.
v0-yo-child-a-yo-w-023,spk-yo-004,yo,word,yo-w-023,òṣùpá,dataset-v0/audio/yo-en_setA_spk-yo-004_yo-w-023.wav,3.042,Android phone (model unspecified),quiet,2026-08-14,yes,2026-08-15,Reference text is the presented reading item; actual child performance may differ. Contributor and guardian consent confirmed; speaker/session mapping confirmed for V0.
v0-yo-child-a-yo-w-024,spk-yo-004,yo,word,yo-w-024,àpò,dataset-v0/audio/yo-en_setA_spk-yo-004_yo-w-024.wav,3.088,Android phone (model unspecified),quiet,2026-08-14,yes,2026-08-15,Reference text is the presented reading item; actual child performance may differ. Contributor and guardian consent confirmed; speaker/session mapping confirmed for V0.
v0-yo-child-a-yo-w-025,spk-yo-004,yo,word,yo-w-025,àga,dataset-v0/audio/yo-en_setA_spk-yo-004_yo-w-025.wav,3.088,Android phone (model unspecified),quiet,2026-08-14,yes,2026-08-15,Reference text is the presented reading item; actual child performance may differ. Contributor and guardian consent confirmed; speaker/session mapping confirmed for V0.
v0-yo-child-a-yo-w-026,spk-yo-004,yo,word,yo-w-026,adìẹ,dataset-v0/audio/yo-en_setA_spk-yo-004_yo-w-026.wav,2.554,Android phone (model unspecified),quiet,2026-08-14,yes,2026-08-15,Reference text is the presented reading item; actual child performance may differ. Contributor and guardian consent confirmed; speaker/session mapping confirmed for V0.
v0-yo-child-a-yo-w-027,spk-yo-004,yo,word,yo-w-027,ewúrẹ́,dataset-v0/audio/yo-en_setA_spk-yo-004_yo-w-027.wav,2.461,Android phone (model unspecified),quiet,2026-08-14,yes,2026-08-15,Reference text is the presented reading item; actual child performance may differ. Contributor and guardian consent confirmed; speaker/session mapping confirmed for V0.
v0-yo-child-a-yo-w-028,spk-yo-004,yo,word,yo-w-028,màálù,dataset-v0/audio/yo-en_setA_spk-yo-004_yo-w-028.wav,2.554,Android phone (model unspecified),quiet,2026-08-14,yes,2026-08-15,Reference text is the presented reading item; actual child performance may differ. Contributor and guardian consent confirmed; speaker/session mapping confirmed for V0.
v0-yo-child-a-yo-w-029,spk-yo-004,yo,word,yo-w-029,ológbò,dataset-v0/audio/yo-en_setA_spk-yo-004_yo-w-029.wav,3.506,Android phone (model unspecified),quiet,2026-08-14,yes,2026-08-15,Reference text is the presented reading item; actual child performance may differ. Contributor and guardian consent confirmed; speaker/session mapping confirmed for V0.
v0-yo-child-a-yo-w-030,spk-yo-004,yo,word,yo-w-030,ọkọ̀,dataset-v0/audio/yo-en_setA_spk-yo-004_yo-w-030.wav,2.438,Android phone (model unspecified),quiet,2026-08-14,yes,2026-08-15,Reference text is the presented reading item; actual child performance may differ. Contributor and guardian consent confirmed; speaker/session mapping confirmed for V0.
v0-yo-child-a-yo-w-031,spk-yo-004,yo,word,yo-w-031,iṣẹ́,dataset-v0/audio/yo-en_setA_spk-yo-004_yo-w-031.wav,2.392,Android phone (model unspecified),quiet,2026-08-14,yes,2026-08-15,Reference text is the presented reading item; actual child performance may differ. Contributor and guardian consent confirmed; speaker/session mapping confirmed for V0.
v0-yo-child-a-yo-w-032,spk-yo-004,yo,word,yo-w-032,eré,dataset-v0/audio/yo-en_setA_spk-yo-004_yo-w-032.wav,2.601,Android phone (model unspecified),quiet,2026-08-14,yes,2026-08-15,Reference text is the presented reading item; actual child performance may differ. Contributor and guardian consent confirmed; speaker/session mapping confirmed for V0.
v0-yo-child-a-yo-w-033,spk-yo-004,yo,word,yo-w-033,òkúta,dataset-v0/audio/yo-en_setA_spk-yo-004_yo-w-033.wav,2.299,Android phone (model unspecified),quiet,2026-08-14,yes,2026-08-15,Reference text is the presented reading item; actual child performance may differ. Contributor and guardian consent confirmed; speaker/session mapping confirmed for V0.
v0-yo-child-a-yo-w-034,spk-yo-004,yo,word,yo-w-034,oúnjẹ,dataset-v0/audio/yo-en_setA_spk-yo-004_yo-w-034.wav,2.461,Android phone (model unspecified),quiet,2026-08-14,yes,2026-08-15,Reference text is the presented reading item; actual child performance may differ. Contributor and guardian consent confirmed; speaker/session mapping confirmed for V0.
v0-yo-child-a-yo-w-035,spk-yo-004,yo,word,yo-w-035,ilé-ìwé,dataset-v0/audio/yo-en_setA_spk-yo-004_yo-w-035.wav,2.438,Android phone (model unspecified),quiet,2026-08-14,yes,2026-08-15,Reference text is the presented reading item; actual child performance may differ. Contributor and guardian consent confirmed; speaker/session mapping confirmed for V0.
v0-yo-child-a-yo-w-036,spk-yo-004,yo,word,yo-w-036,ọkùnrin,dataset-v0/audio/yo-en_setA_spk-yo-004_yo-w-036.wav,2.252,Android phone (model unspecified),quiet,2026-08-14,yes,2026-08-15,Reference text is the presented reading item; actual child performance may differ. Contributor and guardian consent confirmed; speaker/session mapping confirmed for V0.
v0-yo-child-a-yo-w-037,spk-yo-004,yo,word,yo-w-037,obìnrin,dataset-v0/audio/yo-en_setA_spk-yo-004_yo-w-037.wav,2.461,Android phone (model unspecified),quiet,2026-08-14,yes,2026-08-15,Reference text is the presented reading item; actual child performance may differ. Contributor and guardian consent confirmed; speaker/session mapping confirmed for V0.
v0-yo-child-a-yo-w-038,spk-yo-004,yo,word,yo-w-038,ọjọ́,dataset-v0/audio/yo-en_setA_spk-yo-004_yo-w-038.wav,2.461,Android phone (model unspecified),quiet,2026-08-14,yes,2026-08-15,Reference text is the presented reading item; actual child performance may differ. Contributor and guardian consent confirmed; speaker/session mapping confirmed for V0.
v0-yo-child-a-yo-w-039,spk-yo-004,yo,word,yo-w-039,alẹ́,dataset-v0/audio/yo-en_setA_spk-yo-004_yo-w-039.wav,2.601,Android phone (model unspecified),quiet,2026-08-14,yes,2026-08-15,Reference text is the presented reading item; actual child performance may differ. Contributor and guardian consent confirmed; speaker/session mapping confirmed for V0.
v0-yo-child-a-yo-w-040,spk-yo-004,yo,word,yo-w-040,ẹ̀bùn,dataset-v0/audio/yo-en_setA_spk-yo-004_yo-w-040.wav,2.554,Android phone (model unspecified),quiet,2026-08-14,yes,2026-08-15,Reference text is the presented reading item; actual child performance may differ. Contributor and guardian consent confirmed; speaker/session mapping confirmed for V0.
