act_id,category,tarl_level,audience,function,trigger,max_words
instr-start-beginner-001,instruction,beginner,child,Ask the child to look at the letter shown and say its sound.,New beginner-level item is presented.,12
instr-start-letter-syllable-001,instruction,letter_syllable,child,Ask the child to read the syllable shown aloud.,New letter/syllable-level item is presented.,10
instr-start-word-001,instruction,word,child,Ask the child to read the word shown aloud.,New word-level item is presented.,10
instr-start-paragraph-001,instruction,paragraph,child,"Ask the child to read the paragraph aloud, at their own pace.",New paragraph-level item is presented.,12
instr-start-story-001,instruction,story,child,Ask the child to read the story aloud from the beginning.,New story-level item is presented.,12
instr-comprehension-001,instruction,story,child,Ask a simple comprehension question about the story just read.,Child finishes reading a story-level item.,14
instr-retry-001,instruction,any,child,Ask the child to try reading the same item one more time.,The item needs a second attempt for any reason.,10
instr-slow-down-001,instruction,any,child,Ask the child to slow down and read at a calmer pace.,Child is reading too fast and skipping words.,10
instr-mic-check-001,instruction,any,child,Ask the child to hold the phone closer and speak clearly.,Audio quality is too low to score reliably.,12
instr-ready-check-001,instruction,any,child,Check that the child is ready before starting the next item.,A new item is about to begin after a pause.,8
instr-free-response-001,instruction,any,child,Ask the child what they think happens next in the story.,Comprehension check after a story-level item.,12
instr-repeat-please-response-001,instruction,any,child,Repeat the instruction more slowly because the child asked.,"Child said ""repeat please"" or seemed confused.",12
instr-facilitator-wait-001,instruction,any,child,Tell the child to wait a moment while a facilitator is called.,The agent needs to hand off to a human facilitator.,10
instr-practice-drill-001,instruction,word,child,Ask the child to try a short practice drill before the real item.,Starting a level-appropriate practice drill.,12
praise-first-try-beginner-001,praise,beginner,child,Praise correct letter-sound on the first try.,Child says the correct sound immediately.,8
praise-first-try-syllable-001,praise,letter_syllable,child,Praise correct syllable read on the first try.,Child reads the syllable correctly immediately.,8
praise-first-try-word-001,praise,word,child,Praise correct word read on the first try.,Child reads the word correctly immediately.,8
praise-first-try-paragraph-001,praise,paragraph,child,Praise fluent reading of a full paragraph.,Child reads the paragraph correctly and fluently.,10
praise-first-try-story-001,praise,story,child,Praise finishing a story with strong fluency.,Child completes a story-level item fluently.,10
praise-after-retry-word-001,praise,word,child,Praise the child for succeeding after a retry.,Child gets a word-level item right on a second attempt.,10
praise-after-retry-syllable-001,praise,letter_syllable,child,Praise the child for succeeding after a retry at syllable level.,Child gets a syllable-level item right on a second attempt.,10
praise-comprehension-001,praise,story,child,Praise a thoughtful answer to a comprehension question.,Child gives a reasonable answer to a comprehension question.,10
praise-effort-general-001,praise,any,child,Praise visible effort even when the answer wasn't fully correct.,Child made a genuine attempt but the item wasn't fully correct.,10
praise-improvement-001,praise,any,child,Note that the child is improving compared to earlier in the session.,Child's accuracy has visibly improved over the session.,12
praise-confidence-001,praise,word,child,"Praise a confident, clear reading voice.",Child reads a word-level item clearly and without hesitation.,8
praise-self-correct-001,praise,any,child,Praise the child for catching and fixing their own mistake.,Child self-corrects a misread without being prompted.,10
praise-creative-answer-001,praise,story,child,Praise an imaginative answer to an open-ended story question.,"Child gives a creative, on-topic answer to a comprehension question.",12
praise-quiet-progress-001,praise,letter_syllable,child,Gently praise a shy or quiet child's small progress.,Child is soft-spoken but got a letter/syllable item correct.,10
hint-letter-sound-001,hint,beginner,child,Prompt the child to think of the sound the letter makes.,Child pauses more than 3 seconds on a beginner-level item.,10
hint-syllable-blend-001,hint,letter_syllable,child,Prompt the child to blend the two sounds in the syllable together.,Child hesitates blending a syllable.,12
hint-word-first-letter-001,hint,word,child,Prompt the child to look at the first letter of the word.,Child hesitates on a word-level item.,10
hint-word-familiar-001,hint,word,child,Suggest the word looks like one they already know.,Child struggles with a word similar to a previously mastered word.,12
hint-sentence-context-001,hint,paragraph,child,Suggest using the rest of the sentence as a clue for the tricky word.,Child struggles with one word inside a paragraph-level item.,14
hint-story-context-001,hint,story,child,Suggest thinking about what would make sense in the story so far.,Child struggles with a word inside a story-level item.,14
hint-comprehension-001,hint,story,child,Suggest thinking back to what happened earlier in the story.,Child struggles to answer a comprehension question.,12
hint-slow-sound-out-001,hint,letter_syllable,child,"Suggest sounding out the syllable slowly, one part at a time.",Child misreads a syllable-level item.,12
hint-look-again-001,hint,word,child,Suggest looking at the word again carefully before answering.,Child answers too quickly and gets a word-level item wrong.,10
hint-break-it-down-001,hint,paragraph,child,Suggest breaking the sentence into smaller chunks.,Child struggles with a long sentence in a paragraph-level item.,12
hint-picture-clue-001,hint,word,child,Suggest thinking of a picture that matches the word.,"Child struggles with a concrete, picturable word.",10
hint-try-whisper-001,hint,beginner,child,Suggest whispering the sound first before saying it aloud.,Child seems nervous about saying a beginner-level sound aloud.,10
correction-letter-soft-001,correction,beginner,child,"Gently correct a misread letter sound without saying ""wrong"".",Child misreads a beginner-level item.,10
correction-syllable-soft-001,correction,letter_syllable,child,Gently correct a misread syllable.,Child misreads a syllable-level item.,10
correction-word-soft-001,correction,word,child,Gently correct a misread word.,Child misreads a word-level item.,10
correction-sentence-soft-001,correction,paragraph,child,Gently correct a misread sentence within a paragraph.,Child misreads part of a paragraph-level item.,12
correction-model-pronunciation-001,correction,word,child,Model the correct pronunciation and ask the child to repeat it.,Child has misread the same word twice.,12
correction-comprehension-001,correction,story,child,Gently correct a misunderstanding without discouraging the child.,Child gives an answer that doesn't match the story.,12
correction-skip-word-001,correction,paragraph,child,Point out gently that a word was skipped and ask them to include it.,Child skips a word while reading a paragraph-level item.,12
correction-mixed-up-order-001,correction,word,child,Point out that the sounds came out in the wrong order and ask for another try.,Child reads a word's sounds out of order.,12
correction-persistent-error-001,correction,any,child,Calmly acknowledge repeated difficulty and offer to move on for now.,Child has missed the same item three times.,14
correction-mispronounce-name-001,correction,story,child,Gently correct a mispronounced character or place name in a story.,Child mispronounces a proper name while reading a story-level item.,12
level-up-beginner-to-letter-001,level_transition,beginner,child,Announce moving up from beginner to letter/syllable level.,Child passes the threshold of correct beginner-level items.,14
level-up-letter-to-word-001,level_transition,letter_syllable,child,Announce moving up from letter/syllable to word level.,Child passes the threshold of correct letter/syllable-level items.,14
level-up-word-to-paragraph-001,level_transition,word,child,Announce moving up from word to paragraph level.,Child passes the threshold of correct word-level items.,14
level-up-paragraph-to-story-001,level_transition,paragraph,child,Announce moving up from paragraph to story level.,Child passes the threshold of correct paragraph-level items.,14
level-stay-beginner-001,level_transition,beginner,child,Reassure the child they're staying at beginner level to build confidence.,Child is below the threshold to advance from beginner level.,14
level-stay-letter-001,level_transition,letter_syllable,child,Reassure the child they're staying at letter/syllable level.,Child is below the threshold to advance from letter/syllable level.,14
level-stay-word-001,level_transition,word,child,Reassure the child they're staying at word level.,Child is below the threshold to advance from word level.,14
level-stay-paragraph-001,level_transition,paragraph,child,Reassure the child they're staying at paragraph level.,Child is below the threshold to advance from paragraph level.,14
level-down-word-to-letter-001,level_transition,word,child,Gently explain the child will practice letter/syllable items for a bit.,Assessment shows the child needs to drop back a level.,16
level-first-assessment-001,level_transition,any,child,Explain that this first session is about finding the right starting level.,The very first assessment session for a new child.,16
encourage-tired-001,encouragement,any,child,Encourage a child who seems to be losing focus or getting tired.,Response latency increases significantly across several items.,12
encourage-frustrated-001,encouragement,any,child,Reassure a child who seems frustrated after a few misses in a row.,Child has missed several items in a row.,12
encourage-nervous-001,encouragement,any,child,Reassure a shy or nervous-sounding child before they begin.,Child's voice sounds hesitant at the very start of a session.,12
encourage-halfway-001,encouragement,any,child,"Encourage the child partway through, noting they're doing this well.",Session is roughly halfway through its planned items.,12
encourage-hard-item-001,encouragement,paragraph,child,Encourage the child before a noticeably harder item.,Next item is meaningfully harder than the last one completed.,12
encourage-after-break-001,encouragement,any,child,Welcome the child back warmly after a pause in the session.,Session resumes after being paused mid-way.,12
encourage-quiet-voice-001,encouragement,any,child,"Gently ask the child to try speaking a little louder, encouragingly.",Child's voice is too quiet to score reliably.,12
encourage-distraction-001,encouragement,any,child,Gently bring the child's attention back without scolding.,Background noise or distraction interrupts the session.,12
closing-session-complete-001,closing,any,child,Close out a normal session and tell the child what happens next.,Session item queue is complete.,14
closing-session-paused-001,closing,any,child,Tell the child the session is being paused and can continue later.,Facilitator or system pauses the session before it's complete.,12
closing-session-ended-early-001,closing,any,child,Warmly end a session that's stopping earlier than planned.,Session ends before the full item queue is finished.,14
closing-level-summary-001,closing,any,child,"Briefly tell the child what level they're working at, in simple terms.",Session ends and the facilitator wants the child to hear a summary.,16
closing-thank-you-001,closing,any,child,"Thank the child for their effort today, warmly and briefly.","Session ends, general thank-you moment.",10
closing-see-you-next-time-001,closing,any,child,Tell the child when or how they'll practice again.,Session ends and a next session is expected soon.,12
repair-no-audio-001,repair,any,child,Nothing was heard. Ask the child to try again.,No speech was detected in the recording.,8
repair-too-quiet-001,repair,any,child,Audio was too quiet. Ask the child to speak a little louder.,Recorded audio volume is too low to transcribe reliably.,8
repair-background-noise-001,repair,any,child,Too much background noise. Ask the child to move somewhere quieter or closer to the phone.,Background noise is too high for reliable transcription.,10
repair-unclear-answer-001,repair,any,child,The answer was unclear. Ask the child to say it again.,Transcript confidence is too low to score the response.,8
repair-talked-over-001,repair,any,child,The child spoke while the agent was still talking. Ask them to wait for the agent to finish before answering.,Child's speech overlapped with the agent's own audio playback.,8
repair-confirm-low-confidence-001,repair,any,child,"Read a low-confidence answer back to the child to confirm it, instead of asking them to redo it.","Transcript confidence is borderline -- low enough to double check, high enough not to require a full re-record.",12
escalate-call-facilitator-001,escalation,any,facilitator,Alert the facilitator that repeated repair attempts have failed and their attention is needed now.,Three consecutive repair attempts have failed on the same item.,8
escalate-technical-fault-001,escalation,any,facilitator,"Report a technical fault to the facilitator in plain, factual terms.","A technical error (recording failure, connectivity loss, crash) prevents the session from continuing normally.",12
escalate-distress-handover-001,escalation,any,child,Gently acknowledge that the child seems upset and say help is coming right away -- never try to continue the session first.,"Child's speech or behavior signals real distress (crying, panic, refusal). This must always escalate, never be pushed through.",10
escalate-helper-coming-001,escalation,any,child,"Tell the child, simply and reassuringly, that a person is coming to help them now.",Escalation has been triggered for any reason and the child needs to hear that help is on the way.,8
facilitator-confirm-level-001,facilitator,any,facilitator,Ask the facilitator to confirm the assigned reading level before it takes effect.,The agent has computed a level assignment and it requires facilitator confirmation before being recorded.,12
facilitator-session-summary-001,facilitator,any,facilitator,Report a brief factual summary of the session's results to the facilitator.,The session has ended and a summary is ready to report.,16
facilitator-start-next-child-001,facilitator,any,facilitator,Prompt the facilitator to begin the next child's session.,The current child's session has ended and another child is waiting.,10
facilitator-sync-warning-001,facilitator,any,facilitator,Warn the facilitator that this session's recordings have not yet synced to the server.,The device has no connectivity and recorded session data is still only stored locally.,12
