act_id,language_pair,matrix_language,category,tarl_level,audience,function_reminder,max_words,text_draft,switch_points,register_note,review_decision,normalized_decision,corrected_text,final_text,text_status,suspected_encoding_damage,source_file
instr-start-beginner-001,sw-en,Swahili,instruction,beginner,child,Ask the child to look at the letter shown and say its sound.,12,"Tazama herufi hii. Sasa, say the sound unayoiona!","Tazama herufi hii. Sasa, [[say the sound]] unayoiona!","Keep the tone playful and inviting, like a gentle nudge from a friendly teacher, so the child feels safe to try without fear of being wrong.",keep,keep,,"Tazama herufi hii. Sasa, say the sound unayoiona!",approved,no,data/scaffolding/sw-en.csv
instr-start-letter-syllable-001,sw-en,Swahili,instruction,letter_syllable,child,Ask the child to read the syllable shown aloud.,10,Sawa! Hebu sasa read silabi hii kwa sauti.,Sawa! Hebu sasa [[read]] silabi hii kwa sauti.,"Keep it bright and inviting — a gentle nudge, not a command, so the child feels safe to try.",fix,fix,Hebu sasa soma syllable hii kwa sauti.,Hebu sasa soma syllable hii kwa sauti.,approved,no,data/scaffolding/sw-en.csv
instr-start-word-001,sw-en,Swahili,instruction,word,child,Ask the child to read the word shown aloud.,10,"Sawa, hebu usome neno hili kwa sauti!","[[Sawa]], hebu usome neno hili kwa sauti!","Bright and encouraging — the short ""Sawa"" opener mimics how a warm classroom teacher signals a fresh start without pressure.",keep,keep,,"Sawa, hebu usome neno hili kwa sauti!",approved,no,data/scaffolding/sw-en.csv
instr-start-paragraph-001,sw-en,Swahili,instruction,paragraph,child,"Ask the child to read the paragraph aloud, at their own pace.",12,"Sawa, sasa soma kifungu hiki kwa sauti, pole pole.","[[Sawa]], sasa soma kifungu hiki kwa sauti, pole pole.","Warm and unhurried, reassuring the child there is no rush — ""pole pole"" signals safety and calm.",keep,keep,,"Sawa, sasa soma kifungu hiki kwa sauti, pole pole.",approved,no,data/scaffolding/sw-en.csv
instr-start-story-001,sw-en,Swahili,instruction,story,child,Ask the child to read the story aloud from the beginning.,12,Sawa! Sasa read hadithi hii kwa sauti kuanzia mwanzo.,Sawa! Sasa [[read]] hadithi hii kwa sauti kuanzia mwanzo.,"Warm and encouraging, using a light exclamation to signal a fresh, exciting start — never commanding or exam-like.",keep,keep,,Sawa! Sasa read hadithi hii kwa sauti kuanzia mwanzo.,approved,no,data/scaffolding/sw-en.csv
instr-comprehension-001,sw-en,Swahili,instruction,story,child,Ask a simple comprehension question about the story just read.,14,"Vizuri sana! Sasa niambie, hadithi hii ilikuwa inahusu nani?","[[Vizuri sana]]! Sasa niambie, hadithi hii ilikuwa inahusu nani?","Warm and encouraging, opening with praise before gently pivoting to a single, open-ended question so the child feels safe to answer.",fix,fix,"Great! Sasa niambie, hadithi hii ilikuwa inamhusu nani?","Great! Sasa niambie, hadithi hii ilikuwa inamhusu nani?",approved,no,data/scaffolding/sw-en.csv
instr-retry-001,sw-en,Swahili,instruction,any,child,Ask the child to try reading the same item one more time.,10,"Sawa, hebu jaribu tena. Try once more!","Sawa, hebu jaribu tena. [[Try once more!]]","Keep the tone gently encouraging and upbeat — the child should feel invited, not pressured, to have another go.",fix,fix,Hebu jaribu kuisoma tena. One more time!,Hebu jaribu kuisoma tena. One more time!,approved,no,data/scaffolding/sw-en.csv
instr-slow-down-001,sw-en,Swahili,instruction,any,child,Ask the child to slow down and read at a calmer pace.,10,"Pole pole, soma slowly usikimbie maneno!","Pole pole, soma [[slowly]] — usikimbie maneno!","Use a gentle, encouraging tone — not scolding — so the child feels guided rather than corrected.",fix,fix,"Soma polepole, take your time, usiache maneno.","Soma polepole, take your time, usiache maneno.",approved,no,data/scaffolding/sw-en.csv
instr-mic-check-001,sw-en,Swahili,instruction,any,child,Ask the child to hold the phone closer and speak clearly.,12,"Karibu simu karibu zaidi na mdomo wako, kisha sema wazi!","Karibu simu karibu zaidi na mdomo wako, kisha [[speak]] wazi!","Use a gentle, encouraging tone — like a kind teacher leaning in to help, not scolding the child for the audio problem.",fix,fix,"Shika simu karibu na mdomo, kisha sema kwa sauti.","Shika simu karibu na mdomo, kisha sema kwa sauti.",approved,no,data/scaffolding/sw-en.csv
instr-ready-check-001,sw-en,Swahili,instruction,any,child,Check that the child is ready before starting the next item.,8,"Uko tayari? Sawa, hebu tuanze!","Uko tayari? [[Sawa]], hebu tuanze!","Keep it bright and inviting — a quick, friendly nudge that feels like the start of a little adventure, not a test.",fix,fix,Uko ready? Twende!,Uko ready? Twende!,approved,no,data/scaffolding/sw-en.csv
instr-free-response-001,sw-en,Swahili,instruction,any,child,Ask the child what they think happens next in the story.,12,"Sawa, unafikiri nini kitatokea baadaye? Niambie!","[[Sawa]], unafikiri nini kitatokea baadaye? Niambie!","Keep the tone curious and inviting, like a friend asking a question, not a test — use ""Niambie!"" to make it feel like their answer genuinely matters.",fix,fix,Unafikiri nini kitatokea baadaye? Tell me!,Unafikiri nini kitatokea baadaye? Tell me!,approved,no,data/scaffolding/sw-en.csv
instr-repeat-please-response-001,sw-en,Swahili,instruction,any,child,Repeat the instruction more slowly because the child asked.,12,Sawa! Sikiliza vizuri... soma neno hili pole pole.,[[Sawa!]] Sikiliza vizuri... soma neno hili pole pole.,"Warm and unhurried, reassuring the child that slowing down is perfectly fine and they are safe to try again.",fix,fix,Ngoja nirudie slowly: soma neno hili kwa sauti.,Ngoja nirudie slowly: soma neno hili kwa sauti.,approved,no,data/scaffolding/sw-en.csv
instr-facilitator-wait-001,sw-en,Swahili,instruction,any,child,Tell the child to wait a moment while a facilitator is called.,10,"Subiri kidogo, nitamwita mwalimu wako sasa hivi!","[[Subiri]] kidogo, nitamwita mwalimu wako sasa hivi!",Keep the tone bright and reassuring so the child does not feel abandoned during the handoff.,keep,keep,,"Subiri kidogo, nitamwita mwalimu wako sasa hivi!",approved,no,data/scaffolding/sw-en.csv
instr-practice-drill-001,sw-en,Swahili,instruction,word,child,Ask the child to try a short practice drill before the real item.,12,"Sawa, kwanza hebu tujaribu mfano. Ready? Soma hii!","Sawa, kwanza hebu tujaribu mfano. [[Ready?]] Soma hii!","Keep the tone playful and encouraging, like a friendly nudge, so the child feels excited rather than pressured before the drill.",fix,fix,Kwanza tufanye practice moja. Uko tayari? Soma hili!,Kwanza tufanye practice moja. Uko tayari? Soma hili!,approved,no,data/scaffolding/sw-en.csv
praise-first-try-beginner-001,sw-en,Swahili,praise,beginner,child,Praise correct letter-sound on the first try.,8,"Vizuri sana! Good job, ulijua haraka!","[[Vizuri sana]]! [[Good job]], ulijua haraka!",Keep it bright and celebratory — short bursts of praise feel like a high-five for a beginner child.,fix,fix,"Hongera! Good job, umeitamka vizuri!","Hongera! Good job, umeitamka vizuri!",approved,no,data/scaffolding/sw-en.csv
praise-first-try-syllable-001,sw-en,Swahili,praise,letter_syllable,child,Praise correct syllable read on the first try.,8,"Vizuri sana! Good job, ulisoma vizuri!","[[Vizuri sana! Good job,]] ulisoma vizuri!","Bright and immediate praise — short, energetic, and celebratory to reward the child's quick success without overwhelming them.",fix,fix,"Vizuri! First try, umeisoma sawasawa!","Vizuri! First try, umeisoma sawasawa!",approved,no,data/scaffolding/sw-en.csv
praise-first-try-word-001,sw-en,Swahili,praise,word,child,Praise correct word read on the first try.,8,Vizuri sana! First try! Umesoma neno vizuri.,[[Vizuri sana]]! [[First try]]! Umesoma neno vizuri.,"Warm and celebratory — short burst of excitement to affirm instant success, keeping words simple for a word-level reader.",fix,fix,"Hongera! First try, umelisoma neno vizuri!","Hongera! First try, umelisoma neno vizuri!",approved,no,data/scaffolding/sw-en.csv
praise-first-try-paragraph-001,sw-en,Swahili,praise,paragraph,child,Praise fluent reading of a full paragraph.,10,"Vizuri sana! Umesoma vizuri, good job, endelea hivyo!","[[Vizuri sana!]] Umesoma vizuri, [[good job]], endelea hivyo!","Warm and celebratory, short burst of genuine excitement to affirm a big achievement for a young reader.",fix,fix,Umesoma kifungu vizuri sana. Great job!,Umesoma kifungu vizuri sana. Great job!,approved,no,data/scaffolding/sw-en.csv
praise-first-try-story-001,sw-en,Swahili,praise,story,child,Praise finishing a story with strong fluency.,10,"Vizuri sana! Umesoma hadithi nzima, well done!","[[Vizuri sana!]] Umesoma hadithi nzima, [[well done!]]","Warm and celebratory, mirroring the excitement a teacher shows when a child achieves something big — short and punchy so the praise lands immediately.",fix,fix,Umeisoma hadithi yote kwa ufasaha. Well done!,Umeisoma hadithi yote kwa ufasaha. Well done!,approved,no,data/scaffolding/sw-en.csv
praise-after-retry-word-001,sw-en,Swahili,praise,word,child,Praise the child for succeeding after a retry.,10,"Vizuri sana! Umefaulu! Good job, ulijaribu tena!","Vizuri sana! Umefaulu! [[Good job]], ulijaribu tena!","Warm and celebratory, short bursts of praise to match a young child's attention span and boost their confidence after persisting through a retry.",fix,fix,Umeweza! Good job kwa kujaribu tena!,Umeweza! Good job kwa kujaribu tena!,approved,no,data/scaffolding/sw-en.csv
praise-after-retry-syllable-001,sw-en,Swahili,praise,letter_syllable,child,Praise the child for succeeding after a retry at syllable level.,10,"Vizuri sana! Ulijaribu tena, na umefanikiwa. Well done!","[[Vizuri sana]]! Ulijaribu tena, na umefanikiwa. [[Well done]]!",Warm and celebratory — short bursts of praise with genuine excitement to reward the child's persistence without over-explaining.,fix,fix,Umeisoma vizuri baada ya kujaribu tena. Well done!,Umeisoma vizuri baada ya kujaribu tena. Well done!,approved,no,data/scaffolding/sw-en.csv
praise-comprehension-001,sw-en,Swahili,praise,story,child,Praise a thoughtful answer to a comprehension question.,10,"Vizuri sana! Jibu lako ni zuri, umefikiria vizuri!","[[Vizuri sana!]] Jibu lako ni zuri, umefikiria vizuri!","Warm and enthusiastic, celebrating the child's thinking without sounding formal or test-like.",keep,keep,,"Vizuri sana! Jibu lako ni zuri, umefikiria vizuri!",approved,no,data/scaffolding/sw-en.csv
praise-effort-general-001,sw-en,Swahili,praise,any,child,Praise visible effort even when the answer wasn't fully correct.,10,"Umejaribu sana, good try! Tutajaribu tena pamoja.","Umejaribu sana, [[good try]]! Tutajaribu tena pamoja.","Warm and encouraging, focusing on effort rather than the error, so the child feels safe to try again.",fix,fix,Good try! Umejitahidi; tujaribu tena pamoja.,Good try! Umejitahidi; tujaribu tena pamoja.,approved,no,data/scaffolding/sw-en.csv
praise-improvement-001,sw-en,Swahili,praise,any,child,Note that the child is improving compared to earlier in the session.,12,"Vizuri sana! Unakuwa bora zaidi kuliko mwanzo, keep it up!","[[Vizuri sana!]] Unakuwa bora zaidi kuliko mwanzo, [[keep it up!]]","Warm and celebratory, using short punchy phrases to match a young child's energy and boost their confidence.",fix,fix,Unazidi kufanya vizuri. Keep it up!,Unazidi kufanya vizuri. Keep it up!,approved,no,data/scaffolding/sw-en.csv
praise-confidence-001,sw-en,Swahili,praise,word,child,"Praise a confident, clear reading voice.",8,Vizuri sana! Sauti yako ilikuwa clear kabisa!,[[Vizuri sana!]] Sauti yako ilikuwa [[clear]] kabisa!,"Warm and celebratory, short burst of genuine excitement to mirror a real classroom teacher's in-the-moment praise for a young child.",fix,fix,Hongera! Umesoma kwa sauti clear na ya kujiamini!,Hongera! Umesoma kwa sauti clear na ya kujiamini!,approved,no,data/scaffolding/sw-en.csv
praise-self-correct-001,sw-en,Swahili,praise,any,child,Praise the child for catching and fixing their own mistake.,10,Vizuri sana! Ulijisahihisha mwenyewe — well done!,[[Vizuri sana]]! Ulijisahihisha mwenyewe — [[well done]]!,"Warm and celebratory, making the child feel proud of their own self-awareness without sounding formal or exam-like.",fix,fix,Umeona kosa lako na kulisahihisha. Well done!,Umeona kosa lako na kulisahihisha. Well done!,approved,no,data/scaffolding/sw-en.csv
praise-creative-answer-001,sw-en,Swahili,praise,story,child,Praise an imaginative answer to an open-ended story question.,12,"Vizuri sana! Jibu lako ni zuri na la ajabu, umefikiria vizuri!","[[Vizuri sana!]] Jibu lako ni zuri na la ajabu, umefikiria vizuri!","Warm and celebratory, using simple vivid words to make the child feel proud of their imaginative thinking.",fix,fix,Jibu lako lina mawazo mazuri sana. Great thinking!,Jibu lako lina mawazo mazuri sana. Great thinking!,approved,no,data/scaffolding/sw-en.csv
praise-quiet-progress-001,sw-en,Swahili,praise,letter_syllable,child,Gently praise a shy or quiet child's small progress.,10,"Vizuri sana! Good job, ulijua hiyo!","[[Vizuri sana!]] [[Good job,]] ulijua hiyo!","Speak softly and warmly, matching the child's quiet energy so they feel seen rather than put on the spot.",fix,fix,"Umeweza! Good job, endelea hivyo.","Umeweza! Good job, endelea hivyo.",approved,no,data/scaffolding/sw-en.csv
hint-letter-sound-001,sw-en,Swahili,hint,beginner,child,Prompt the child to think of the sound the letter makes.,10,Hebu fikiria — haruf hii inasema sauti gani?,[[Hebu]] fikiria — haruf hii inasema sauti gani?,"Keep tone gentle and inviting, like a nudge from a kind teacher — not a test question, just a soft prompt to help the child feel safe to try.",fix,fix,Hebu fikiria: herufi hii ina sauti gani?,Hebu fikiria: herufi hii ina sauti gani?,approved,no,data/scaffolding/sw-en.csv
hint-syllable-blend-001,sw-en,Swahili,hint,letter_syllable,child,Prompt the child to blend the two sounds in the syllable together.,12,"Sawa, hebu unganisha sauti hizo mbili pamoja — blend!","Sawa, hebu unganisha sauti hizo mbili pamoja — [[blend]]!","Use a soft, encouraging tone — like a gentle nudge from a friend, not a command, to ease the child's hesitation.",fix,fix,"Hebu unganisha sauti hizo mbili, then say them together.","Hebu unganisha sauti hizo mbili, then say them together.",approved,no,data/scaffolding/sw-en.csv
hint-word-first-letter-001,sw-en,Swahili,hint,word,child,Prompt the child to look at the first letter of the word.,10,Angalia herufi ya kwanza. Inasema nini?,Angalia herufi ya kwanza. Inasema nini?,"Keep the tone gently encouraging and unhurried, like a patient teacher nudging the child to try rather than giving up.",keep,keep,,Angalia herufi ya kwanza. Inasema nini?,approved,no,data/scaffolding/sw-en.csv
hint-word-familiar-001,sw-en,Swahili,hint,word,child,Suggest the word looks like one they already know.,12,Angalia vizuri! Neno hili linafanana na neno unalojua. Try kukumbuka!,Angalia vizuri! Neno hili linafanana na neno unalojua. [[Try]] kukumbuka!,"Keep the tone gently encouraging and curious, like a teacher nudging rather than telling, so the child feels safe to guess.",fix,fix,Neno hili linafanana na unalolijua. Try kukumbuka.,Neno hili linafanana na unalolijua. Try kukumbuka.,approved,no,data/scaffolding/sw-en.csv
hint-sentence-context-001,sw-en,Swahili,hint,paragraph,child,Suggest using the rest of the sentence as a clue for the tricky word.,14,Angalia sentensi yote; maneno mengine yanaweza kukusaidia. Try again!,Angalia sentensi yote — maneno mengine yanaweza kukusaidia. [[Try again!]],"Warm and encouraging, like a gentle nudge from a helpful friend, not a correction.",fix,fix,Soma sentensi yote; maneno mengine yatakupa clue.,Soma sentensi yote; maneno mengine yatakupa clue.,approved,no,data/scaffolding/sw-en.csv
hint-story-context-001,sw-en,Swahili,hint,story,child,Suggest thinking about what would make sense in the story so far.,14,Fikiria hadithi yetu. Neno hilo linafaa maana gani hapa?,[[Think]] hadithi yetu. Neno hilo linafaa maana gani hapa?,"Warm and gently prompting, like a teacher leaning in to guide without giving the answer away.",fix,fix,Fikiria story yetu. Neno gani linafaa hapa?,Fikiria story yetu. Neno gani linafaa hapa?,approved,no,data/scaffolding/sw-en.csv
hint-comprehension-001,sw-en,Swahili,hint,story,child,Suggest thinking back to what happened earlier in the story.,12,Fikiria kidogo — nini kilitokea mwanzo wa hadithi?,[[Fikiria]] kidogo — nini kilitokea mwanzo wa hadithi?,"Warm and gently encouraging, like a patient teacher nudging the child to look back without pressure.",keep,keep,,Fikiria kidogo — nini kilitokea mwanzo wa hadithi?,approved,no,data/scaffolding/sw-en.csv
hint-slow-sound-out-001,sw-en,Swahili,hint,letter_syllable,child,"Suggest sounding out the syllable slowly, one part at a time.",12,"Hebu sound out polepole, kipande kimoja kimoja!","Hebu [[sound out]] polepole, kipande kimoja kimoja!","Warm and encouraging, using a gentle imperative to invite the child to try again without feeling corrected.",fix,fix,"Tamka kila sauti polepole, then ziunganishe pamoja.","Tamka kila sauti polepole, then ziunganishe pamoja.",approved,no,data/scaffolding/sw-en.csv
hint-look-again-001,sw-en,Swahili,hint,word,child,Suggest looking at the word again carefully before answering.,10,"Subiri! Angalia neno hilo tena, polepole polepole.","[[Subiri]]! Angalia neno hilo tena, polepole polepole.","Warm but gently firm — like a patient teacher slowing a rushing child down, not scolding.",fix,fix,Angalia neno hilo tena kwa makini. Take your time.,Angalia neno hilo tena kwa makini. Take your time.,approved,no,data/scaffolding/sw-en.csv
hint-break-it-down-001,sw-en,Swahili,hint,paragraph,child,Suggest breaking the sentence into smaller chunks.,12,"Sawa, hebu tuisome sentensi hiyo kidogo kidogo, sehemu moja moja.","[[Sawa]], hebu tuisome sentensi hiyo kidogo kidogo, sehemu moja moja.","Warm and encouraging, using a gentle ""let's do it together"" tone so the child feels supported rather than singled out for struggling.",fix,fix,"Tuisome sentensi hiyo kwa vipande vidogo, one by one.","Tuisome sentensi hiyo kwa vipande vidogo, one by one.",approved,no,data/scaffolding/sw-en.csv
hint-picture-clue-001,sw-en,Swahili,hint,word,child,Suggest thinking of a picture that matches the word.,10,Fikiria picha — unaona nini akilini mwako?,[[Fikiria]] picha — unaona nini akilini mwako?,"Gentle and curious, like a teacher leaning in and whispering a helpful secret to a young child.",keep,keep,,Fikiria picha — unaona nini akilini mwako?,approved,no,data/scaffolding/sw-en.csv
hint-try-whisper-001,sw-en,Swahili,hint,beginner,child,Suggest whispering the sound first before saying it aloud.,10,"Sawa, kwanza whisper sauti hiyo, kisha tuiseme pamoja!","Sawa, kwanza [[whisper]] sauti hiyo, kisha tuiseme pamoja!","Keep the tone playful and inviting, making whispering feel like a fun low-stakes game rather than a test.",fix,fix,"Kwanza itamke kwa sauti ya chini, then sema kwa sauti.","Kwanza itamke kwa sauti ya chini, then sema kwa sauti.",approved,no,data/scaffolding/sw-en.csv
correction-letter-soft-001,sw-en,Swahili,correction,beginner,child,"Gently correct a misread letter sound without saying ""wrong"".",10,"Karibu! Herufi hii inasema ""try again"" — sikiliza: mmm!","Karibu! Herufi hii inasema ""[[try again]]"" — sikiliza: mmm!","Keep the tone playful and encouraging, like a kind older sibling giving a gentle nudge rather than a correction.",fix,fix,Ulikaribia! Sikiliza sauti ya herufi hii: mmm. Try again.,Ulikaribia! Sikiliza sauti ya herufi hii: mmm. Try again.,approved,no,data/scaffolding/sw-en.csv
correction-syllable-soft-001,sw-en,Swahili,correction,letter_syllable,child,Gently correct a misread syllable.,10,"Karibu! Hebu tusikie tena — sema ""si"", si ""su"".","Karibu! [[Hebu]] tusikie tena — sema ""si"", si ""su"".","Keep the tone gentle and encouraging, like a kind older friend, never scolding — the child should feel safe to try again.",keep,keep,,"Karibu! Hebu tusikie tena — sema ""si"", si ""su"".",approved,no,data/scaffolding/sw-en.csv
correction-word-soft-001,sw-en,Swahili,correction,word,child,Gently correct a misread word.,10,"Karibu! Hebu tujaribu tena, soma neno hili polepole.","Karibu! [[Hebu]] tujaribu tena, soma neno hili polepole.","Warm and encouraging, never scolding — the ""hebu"" invitation softens the correction into a gentle collaborative retry.",keep,keep,,"Karibu! Hebu tujaribu tena, soma neno hili polepole.",approved,no,data/scaffolding/sw-en.csv
correction-sentence-soft-001,sw-en,Swahili,correction,paragraph,child,Gently correct a misread sentence within a paragraph.,12,"Karibu! Hebu jaribu tena, soma sentensi polepole zaidi.","Karibu! Hebu [[try again]], soma sentensi polepole zaidi.","Warm and encouraging, softening the correction with ""Karibu"" to avoid making the child feel bad about the mistake.",keep,keep,,"Karibu! Hebu jaribu tena, soma sentensi polepole zaidi.",approved,no,data/scaffolding/sw-en.csv
correction-model-pronunciation-001,sw-en,Swahili,correction,word,child,Model the correct pronunciation and ask the child to repeat it.,12,"Sikiliza vizuri: ""shule."" Sasa wewe, repeat — ""shule!""","Sikiliza vizuri: ""shule."" Sasa wewe, [[repeat]] — ""shule!""","Warm and encouraging, slow and clear on the modeled word so the child can hear each sound, then gently inviting them to try.",fix,fix,Sikiliza: ‘shule.’ Sasa repeat after me: ‘shule.’,Sikiliza: ‘shule.’ Sasa repeat after me: ‘shule.’,approved,no,data/scaffolding/sw-en.csv
correction-comprehension-001,sw-en,Swahili,correction,story,child,Gently correct a misunderstanding without discouraging the child.,12,"Hmm, hebu tusikie tena — jibu liko karibu sana!","[[Hmm]], hebu tusikie tena — jibu liko karibu sana!","Use a soft, encouraging tone — the child should feel guided, not embarrassed, so keep the correction light and forward-looking.",keep,keep,,"Hmm, hebu tusikie tena — jibu liko karibu sana!",approved,no,data/scaffolding/sw-en.csv
correction-skip-word-001,sw-en,Swahili,correction,paragraph,child,Point out gently that a word was skipped and ask them to include it.,12,"Karibu sana! Lakini neno moja liliachwa. Jaribu tena, soma neno lote.","Karibu sana! Lakini neno moja liliachwa. [[Jaribu]] tena, soma neno lote.","Warm and gentle, reassuring the child rather than scolding, keeping the correction feel like a friendly nudge.",fix,fix,Ulikaribia! Umeruka neno moja. Read tena bila kuliacha.,Ulikaribia! Umeruka neno moja. Read tena bila kuliacha.,approved,no,data/scaffolding/sw-en.csv
correction-mixed-up-order-001,sw-en,Swahili,correction,word,child,Point out that the sounds came out in the wrong order and ask for another try.,12,"Karibu! Sauti zilikuja kwa mpangilio mbaya. Try again, sawa?","Karibu! Sauti zilikuja kwa mpangilio mbaya. [[Try again]], sawa?","Warm and gentle, using ""karibu"" to soften the correction so the child doesn't feel discouraged, then a simple friendly nudge to retry.",fix,fix,"Ulikaribia! Panga sauti hizi vizuri, then try again.","Ulikaribia! Panga sauti hizi vizuri, then try again.",approved,no,data/scaffolding/sw-en.csv
correction-persistent-error-001,sw-en,Swahili,correction,any,child,Calmly acknowledge repeated difficulty and offer to move on for now.,14,"Sawa, hiyo ni ngumu kidogo. Hebu tuendelee, tutarudi baadaye.","[[Sawa]], hiyo ni ngumu kidogo. Hebu tuendelee, tutarudi baadaye.","Keep the tone gentle and reassuring — never frustrated — so the child feels safe, not ashamed, about struggling repeatedly.",keep,keep,,"Sawa, hiyo ni ngumu kidogo. Hebu tuendelee, tutarudi baadaye.",approved,no,data/scaffolding/sw-en.csv
correction-mispronounce-name-001,sw-en,Swahili,correction,story,child,Gently correct a mispronounced character or place name in a story.,12,"Karibu sana! Jaribu tena: jina hilo husemwa ""Amina"" Sawa?","Karibu sana! [[Jaribu tena]] — jina hilo husemwa ""Amina."" [[Sawa?]]","Keep the tone soft and encouraging, like a kind older sibling, so the child feels safe to try again without embarrassment.",fix,fix,Ulikaribia! Jina hili linatamkwa ‘Amina.’ Try again.,Ulikaribia! Jina hili linatamkwa ‘Amina.’ Try again.,approved,no,data/scaffolding/sw-en.csv
level-up-beginner-to-letter-001,sw-en,Swahili,level_transition,beginner,child,Announce moving up from beginner to letter/syllable level.,14,"Hongera sana! Umefanya vizuri. Sasa tutajifunza herufi pamoja, ready?","[[Hongera]] sana! Umefanya [[vizuri]]. Sasa tutajifunza herufi pamoja, [[ready?]]","Bright and celebratory — match the child's excitement at levelling up, keeping it short and inviting rather than formal.",fix,fix,Hongera! Sasa tunaendelea na silabi. Are you ready?,Hongera! Sasa tunaendelea na silabi. Are you ready?,approved,no,data/scaffolding/sw-en.csv
level-up-letter-to-word-001,sw-en,Swahili,level_transition,letter_syllable,child,Announce moving up from letter/syllable to word level.,14,Hongera sana! Umefanya vizuri. Sasa tutasoma maneno. Ready? Twende!,Hongera sana! Umefanya vizuri. Sasa tutasoma maneno. [[Ready?]] Twende!,"Warm and celebratory, short punchy phrases to match a young child's excitement at levelling up.",fix,fix,Hongera! Sasa tunaendelea kusoma maneno. Ready? Twende!,Hongera! Sasa tunaendelea kusoma maneno. Ready? Twende!,approved,no,data/scaffolding/sw-en.csv
level-up-word-to-paragraph-001,sw-en,Swahili,level_transition,word,child,Announce moving up from word to paragraph level.,14,"Hongera sana! Sasa tunaenda kusoma paragraph nzima pamoja, ready?","[[Hongera]] sana! Sasa tunaenda kusoma [[paragraph]] nzima pamoja, [[ready?]]","Bright and celebratory — match the child's achievement with genuine excitement, keeping it brief and forward-looking so they feel confident stepping up.",fix,fix,Hongera! Sasa tutasoma kifungu kizima. Ready?,Hongera! Sasa tutasoma kifungu kizima. Ready?,approved,no,data/scaffolding/sw-en.csv
level-up-paragraph-to-story-001,sw-en,Swahili,level_transition,paragraph,child,Announce moving up from paragraph to story level.,14,Hongera sana! Sasa tutasoma hadithi nzima. Ready? Twende!,Hongera sana! Sasa tutasoma hadithi nzima. [[Ready?]] Twende!,"Celebratory and energetic — mirror the excitement a real teacher shows when a child earns a big step up, keeping it brief and motivating.",fix,fix,Hongera! Sasa tutasoma hadithi nzima. Ready? Twende!,Hongera! Sasa tutasoma hadithi nzima. Ready? Twende!,approved,no,data/scaffolding/sw-en.csv
level-stay-beginner-001,sw-en,Swahili,level_transition,beginner,child,Reassure the child they're staying at beginner level to build confidence.,14,"Sawa, tutaendelea pamoja hapa. Unafanya vizuri sana, keep it up!","Sawa, tutaendelea pamoja hapa. Unafanya vizuri sana, [[keep it up]]!","Warm and reassuring — use a calm, encouraging voice so the child feels safe and motivated, not judged.",fix,fix,Tutaendelea kufanya mazoezi ya sauti za herufi. You’re doing well!,Tutaendelea kufanya mazoezi ya sauti za herufi. You’re doing well!,approved,no,data/scaffolding/sw-en.csv
level-stay-letter-001,sw-en,Swahili,level_transition,letter_syllable,child,Reassure the child they're staying at letter/syllable level.,14,"Sawa, tutaendelea na herufi pamoja. Unafanya vizuri sana!","Sawa, tutaendelea na herufi pamoja. Unafanya [[vizuri]] sana!","Keep the tone warm and encouraging — reassure the child with a gentle smile in the voice, avoiding any sense of disappointment or failure.",fix,fix,Tutaendelea kufanya mazoezi ya silabi. You’re doing well!,Tutaendelea kufanya mazoezi ya silabi. You’re doing well!,approved,no,data/scaffolding/sw-en.csv
level-stay-word-001,sw-en,Swahili,level_transition,word,child,Reassure the child they're staying at word level.,14,"Sawa, tutaendelea na maneno. Unafanya vizuri sana, keep it up!","Sawa, tutaendelea na maneno. Unafanya vizuri sana, [[keep it up]]!","Warm and reassuring — frame staying at word level as a positive, not a setback, so the child feels encouraged rather than judged.",fix,fix,Tutaendelea kufanya mazoezi ya maneno. Keep going!,Tutaendelea kufanya mazoezi ya maneno. Keep going!,approved,no,data/scaffolding/sw-en.csv
level-stay-paragraph-001,sw-en,Swahili,level_transition,paragraph,child,Reassure the child they're staying at paragraph level.,14,"Sawa kabisa! Tutaendelea na hadithi. Unafanya vizuri sana, keep it up!","Sawa kabisa! Tutaendelea na hadithi. Unafanya vizuri sana, [[keep it up!]]","Warm and encouraging, reassuring the child without any hint of disappointment — frame staying as a positive, comfortable continuation.",fix,fix,Tutaendelea kufanya mazoezi ya vifungu. Keep going!,Tutaendelea kufanya mazoezi ya vifungu. Keep going!,approved,no,data/scaffolding/sw-en.csv
level-down-word-to-letter-001,sw-en,Swahili,level_transition,word,child,Gently explain the child will practice letter/syllable items for a bit.,16,"Sawa, sasa tutafanya mazoezi ya herufi kidogo. Itakuwa rahisi, usiwe na wasiwasi!","[[Sawa]], sasa tutafanya mazoezi ya herufi kidogo. Itakuwa rahisi, usiwe na wasiwasi!","Warm and reassuring — normalize the level shift so the child feels safe, not singled out or punished.",fix,fix,"Tufanye mazoezi machache ya silabi kwanza. Don’t worry, tutafanya pamoja!","Tufanye mazoezi machache ya silabi kwanza. Don’t worry, tutafanya pamoja!",approved,no,data/scaffolding/sw-en.csv
level-first-assessment-001,sw-en,Swahili,level_transition,any,child,Explain that this first session is about finding the right starting level.,16,Habari! Leo tutaanza kwa maswali madogo madogo ili tupate level yako nzuri. Uko tayari?,Habari! Leo tutaanza kwa maswali madogo madogo ili tupate [[level]] yako nzuri. Uko tayari?,"Bright and welcoming, like a friendly teacher greeting a child on their very first day — enthusiastic but calm so the child feels safe, not tested.",fix,fix,Habari! Leo tutasoma vitu tofauti ili tujue pa kuanzia. Ready?,Habari! Leo tutasoma vitu tofauti ili tujue pa kuanzia. Ready?,approved,no,data/scaffolding/sw-en.csv
encourage-tired-001,sw-en,Swahili,encouragement,any,child,Encourage a child who seems to be losing focus or getting tired.,12,"Umefanya vizuri sana! Keep going, tunakaribia mwisho!","Umefanya vizuri sana! [[Keep going]], tunakaribia mwisho!","Warm and energising — short burst of praise followed by hope, like a cheerful nudge from a teacher who believes in the child.",keep,keep,,"Umefanya vizuri sana! Keep going, tunakaribia mwisho!",approved,no,data/scaffolding/sw-en.csv
encourage-frustrated-001,sw-en,Swahili,encouragement,any,child,Reassure a child who seems frustrated after a few misses in a row.,12,"Pole sana! Jaribu tena, unaweza — keep trying, wewe ni hodari!","Pole sana! Jaribu tena, unaweza — [[keep trying]], wewe ni hodari!","Use a soft, warm and reassuring tone — like a kind older sibling gently cheering the child on after a stumble, never scolding or pressuring.",fix,fix,"Usijali, baadhi ya maneno ni magumu. Keep trying, unaweza!","Usijali, baadhi ya maneno ni magumu. Keep trying, unaweza!",approved,no,data/scaffolding/sw-en.csv
encourage-nervous-001,sw-en,Swahili,encouragement,any,child,Reassure a shy or nervous-sounding child before they begin.,12,"Karibu! Hakuna wasiwasi, wewe ni hodari. Ready? Tuanze pamoja!","Karibu! Hakuna wasiwasi, wewe ni hodari. [[Ready?]] Tuanze pamoja!","Speak with a warm, gentle smile in the voice — slow and soft to calm nerves, never rushed or exam-like.",fix,fix,Usiwe na wasiwasi; tuko pamoja. Ready? Tuanze!,Usiwe na wasiwasi; tuko pamoja. Ready? Tuanze!,approved,no,data/scaffolding/sw-en.csv
encourage-halfway-001,sw-en,Swahili,encouragement,any,child,"Encourage the child partway through, noting they're doing this well.",12,"Umefanya vizuri sana! Keep it up, tunakwenda vizuri pamoja!","Umefanya vizuri sana! [[Keep it up]], tunakwenda vizuri pamoja!","Warm and celebratory, like a proud teacher cheering the child on at the midpoint of a fun activity.",fix,fix,"Umefika mbali! Keep it up, unaendelea vizuri!","Umefika mbali! Keep it up, unaendelea vizuri!",approved,no,data/scaffolding/sw-en.csv
encourage-hard-item-001,sw-en,Swahili,encouragement,paragraph,child,Encourage the child before a noticeably harder item.,12,"Sasa swali ni gumu kidogo, lakini wewe unaweza. Ready?","Sasa swali ni gumu kidogo, lakini wewe unaweza. [[Ready?]]","Keep tone warm and gently rallying — like a teacher giving a quiet confidence boost before a challenge, not a dramatic announcement.",fix,fix,"Hili ni gumu kidogo, lakini unaweza. Ready?","Hili ni gumu kidogo, lakini unaweza. Ready?",approved,no,data/scaffolding/sw-en.csv
encourage-after-break-001,sw-en,Swahili,encouragement,any,child,Welcome the child back warmly after a pause in the session.,12,"Karibu tena! Welcome back, sasa tuendelee pamoja, sawa?","Karibu tena! [[Welcome back]], sasa tuendelee pamoja, sawa?","Warm and cheerful, like a friendly teacher greeting a child at the classroom door after a short break.",fix,fix,"Karibu tena! Welcome back, tuendelee tulipoishia.","Karibu tena! Welcome back, tuendelee tulipoishia.",approved,no,data/scaffolding/sw-en.csv
encourage-quiet-voice-001,sw-en,Swahili,encouragement,any,child,"Gently ask the child to try speaking a little louder, encouragingly.",12,"Vizuri! Sema tena, lakini sauti kubwa zaidi — try again!","Vizuri! Sema tena, lakini sauti kubwa zaidi — [[try again]]!","Warm and playful, never scolding — frame it as a fun retry so the child feels safe to speak up.",fix,fix,Vizuri! Sema tena kwa sauti kubwa kidogo. Try again!,Vizuri! Sema tena kwa sauti kubwa kidogo. Try again!,approved,no,data/scaffolding/sw-en.csv
encourage-distraction-001,sw-en,Swahili,encouragement,any,child,Gently bring the child's attention back without scolding.,12,"Haya rafiki, tuko pamoja hapa! Come on, tuendelee kusoma!","Haya rafiki, tuko pamoja hapa! [[Come on]], tuendelee kusoma!","Keep the tone playful and inviting, like a friendly nudge rather than a reprimand, so the child feels welcomed back rather than told off.",fix,fix,"Haya rafiki, tuangalie hapa. Come on, tuendelee kusoma!","Haya rafiki, tuangalie hapa. Come on, tuendelee kusoma!",approved,no,data/scaffolding/sw-en.csv
closing-session-complete-001,sw-en,Swahili,closing,any,child,Close out a normal session and tell the child what happens next.,14,"Hongera sana! Umefanya vizuri leo. Tutaendelea kesho, sawa?","[[Hongera]] sana! Umefanya [[vizuri]] leo. Tutaendelea kesho, sawa?",Warm and celebratory — end on a high note so the child feels proud and looks forward to the next session.,keep,keep,,"Hongera sana! Umefanya vizuri leo. Tutaendelea kesho, sawa?",approved,no,data/scaffolding/sw-en.csv
closing-session-paused-001,sw-en,Swahili,closing,any,child,Tell the child the session is being paused and can continue later.,12,"Sawa, tutasimama hapa. Tutaendelea baadaye, okay?","Sawa, tutasimama hapa. Tutaendelea baadaye, [[okay]]?",Keep the tone gentle and reassuring so the child feels no anxiety about stopping mid-session.,fix,fix,"Tutapumzika hapa. Tutaendelea baadaye, okay?","Tutapumzika hapa. Tutaendelea baadaye, okay?",approved,no,data/scaffolding/sw-en.csv
closing-session-ended-early-001,sw-en,Swahili,closing,any,child,Warmly end a session that's stopping earlier than planned.,14,"Sawa! Umefanya vizuri sana leo. Tutaendelea kesho, okay? Bye bye!","[[Okay]]! Umefanya vizuri sana leo. Tutaendelea kesho, [[okay]]? [[Bye bye]]!",Keep the tone light and upbeat so the child feels proud rather than disappointed about stopping early.,fix,fix,Umejitahidi leo! Tutaishia hapa na kuendelea wakati mwingine. Bye!,Umejitahidi leo! Tutaishia hapa na kuendelea wakati mwingine. Bye!,approved,no,data/scaffolding/sw-en.csv
closing-level-summary-001,sw-en,Swahili,closing,any,child,"Briefly tell the child what level they're working at, in simple terms.",16,"Umefanya vizuri sana! Sasa uko level ya pili. Keep it up, rafiki yangu!","Umefanya vizuri sana! Sasa uko [[level]] ya pili. [[Keep it up]], rafiki yangu!","Use warm, celebratory praise to leave the child feeling proud and motivated at the end of their session.",fix,fix,Umefanya vizuri! Sasa unafanya mazoezi ya maneno. Keep going!,Umefanya vizuri! Sasa unafanya mazoezi ya maneno. Keep going!,approved,no,data/scaffolding/sw-en.csv
closing-thank-you-001,sw-en,Swahili,closing,any,child,"Thank the child for their effort today, warmly and briefly.",10,"Asante sana kwa kazi yako nzuri leo, well done!","Asante sana kwa kazi yako nzuri leo, [[well done]]!","Use a warm, celebratory tone — like a proud teacher giving a gentle hug in words — to leave the child feeling accomplished at session end.",keep,keep,,"Asante sana kwa kazi yako nzuri leo, well done!",approved,no,data/scaffolding/sw-en.csv
closing-see-you-next-time-001,sw-en,Swahili,closing,any,child,Tell the child when or how they'll practice again.,12,"Vizuri sana! Tutaonana tena hivi karibuni, sawa? Bye bye!","[[Vizuri sana]]! Tutaonana tena hivi karibuni, sawa? [[Bye bye]]!","Warm and upbeat, like a friendly teacher wrapping up class — reassuring the child that a fun reunion is coming soon.",fix,fix,Tutaonana tena kwa mazoezi mengine. See you!,Tutaonana tena kwa mazoezi mengine. See you!,approved,no,data/scaffolding/sw-en.csv
repair-no-audio-001,sw-en,Swahili,repair,any,child,Nothing was heard. Ask the child to try again.,8,"Samahani, sikusikia. Jaribu tena, sawa?","Samahani, sikusikia. Jaribu tena, [[sawa]]?","Warm and gentle, reassuring the child there is no pressure to repeat themselves.",fix,fix,"Samahani, sikusikia. Please jaribu tena.","Samahani, sikusikia. Please jaribu tena.",approved,no,data/scaffolding/sw-en.csv
repair-too-quiet-001,sw-en,Swahili,repair,any,child,Audio was too quiet. Ask the child to speak a little louder.,8,"Sema tena, sauti kubwa zaidi kidogo!","Sema tena, sauti kubwa zaidi kidogo!","Warm and encouraging, using simple direct Swahili a young child will immediately understand, with no intimidating or exam-like tone.",keep,keep,,"Sema tena, sauti kubwa zaidi kidogo!",approved,no,data/scaffolding/sw-en.csv
repair-background-noise-001,sw-en,Swahili,repair,any,child,Too much background noise. Ask the child to move somewhere quieter or closer to the phone.,10,Kelele nyingi! Tafadhali move karibu zaidi na simu yako.,Kelele nyingi! Tafadhali [[move]] karibu zaidi na simu yako.,"Warm and gentle, using a simple action word in English that young bilingual children in this context naturally use when talking about physically relocating.",fix,fix,Kuna noise nyingi. Tafadhali sogea karibu na simu.,Kuna noise nyingi. Tafadhali sogea karibu na simu.,approved,no,data/scaffolding/sw-en.csv
repair-unclear-answer-001,sw-en,Swahili,repair,any,child,The answer was unclear. Ask the child to say it again.,8,"Samahani, sikusikia vizuri. Sema tena, sawa?","Samahani, sikusikia vizuri. Sema tena, [[sawa]]?","Warm and gentle, reassuring the child there's no mistake — Ntina simply didn't hear clearly.",fix,fix,"Samahani, sikusikia vizuri. Please sema tena.","Samahani, sikusikia vizuri. Please sema tena.",approved,no,data/scaffolding/sw-en.csv
repair-talked-over-001,sw-en,Swahili,repair,any,child,The child spoke while the agent was still talking. Ask them to wait for the agent to finish before answering.,8,"Subiri kidogo, niache nimaliza kwanza!","Subiri kidogo, niache nimaliza kwanza!","Warm and gently redirecting, like a patient teacher nudging a eager child to wait their turn.",keep,keep,,"Subiri kidogo, niache nimaliza kwanza!",approved,no,data/scaffolding/sw-en.csv
repair-confirm-low-confidence-001,sw-en,Swahili,repair,any,child,"Read a low-confidence answer back to the child to confirm it, instead of asking them to redo it.",12,"Ulisema ""ndege"" — je, hiyo ndiyo jibu lako?","Ulisema ""ndege"" — je, hiyo ndiyo jibu lako?","Gentle and curious, not corrective — invites the child to confirm without pressure.",keep,keep,,"Ulisema ""ndege"" — je, hiyo ndiyo jibu lako?",approved,no,data/scaffolding/sw-en.csv
escalate-call-facilitator-001,sw-en,Swahili,escalation,any,facilitator,Alert the facilitator that repeated repair attempts have failed and their attention is needed now.,8,"Tafadhali ingilia kati, repair attempts tatu zimeshindwa.","Tafadhali ingilia kati, [[repair attempts]] tatu zimeshindwa.","Neutral and direct, addressed to a supervising adult requiring immediate operational action.",fix,fix,Tafadhali saidia; repair attempts tatu zimeshindwa.,Tafadhali saidia; repair attempts tatu zimeshindwa.,approved,no,data/scaffolding/sw-en.csv
escalate-technical-fault-001,sw-en,Swahili,escalation,any,facilitator,"Report a technical fault to the facilitator in plain, factual terms.",12,Hitilafu ya kiufundi imetokea. Session haiwezi kuendelea sasa hivi.,Hitilafu ya kiufundi imetokea. [[Session]] haiwezi kuendelea sasa hivi.,"Neutral and factual, adult-to-adult operational tone with no affective framing.",fix,fix,Kuna hitilafu ya kiufundi. Session haiwezi kuendelea sasa.,Kuna hitilafu ya kiufundi. Session haiwezi kuendelea sasa.,approved,no,data/scaffolding/sw-en.csv
escalate-distress-handover-001,sw-en,Swahili,escalation,any,child,Gently acknowledge that the child seems upset and say help is coming right away -- never try to continue the session first.,10,"Pole sana, msaada unakuja sasa hivi, subiri kidogo.","Pole sana, msaada unakuja sasa hivi, subiri kidogo.","Soft, unhurried, and purely reassuring — no lesson language at all, just warmth directed at a distressed young child.",keep,keep,,"Pole sana, msaada unakuja sasa hivi, subiri kidogo.",approved,no,data/scaffolding/sw-en.csv
escalate-helper-coming-001,sw-en,Swahili,escalation,any,child,"Tell the child, simply and reassuringly, that a person is coming to help them now.",8,"Sawa, mtu anakuja kukusaidia sasa hivi!","Sawa, mtu anakuja kukusaidia sasa hivi!","Warm and calm reassurance, spoken gently to settle any anxiety the child may be feeling.",fix,fix,"Usijali, mtu anakuja kukusaidia sasa hivi.","Usijali, mtu anakuja kukusaidia sasa hivi.",approved,no,data/scaffolding/sw-en.csv
facilitator-confirm-level-001,sw-en,Swahili,facilitator,any,facilitator,Ask the facilitator to confirm the assigned reading level before it takes effect.,12,Tafadhali thibitisha level moja kabla haijahifadhiwa.,Tafadhali thibitisha [[level]] moja kabla haijahifadhiwa.,"Neutral and direct, addressing the facilitator in a professional peer tone with no added warmth or formality.",fix,fix,Tafadhali confirm kiwango cha kusoma kabla hakijahifadhiwa.,Tafadhali confirm kiwango cha kusoma kabla hakijahifadhiwa.,approved,no,data/scaffolding/sw-en.csv
facilitator-session-summary-001,sw-en,Swahili,facilitator,any,facilitator,Report a brief factual summary of the session's results to the facilitator.,16,"Kikao kimeisha. Mtoto alisoma maneno 18 kwa usahihi, na alikosea mara 4 kwenye level ya phonics.","Kikao kimeisha. Mtoto alisoma maneno 18 kwa usahihi, na alikosea mara 4 kwenye [[level]] ya [[phonics]].","Neutral and factual, peer-to-peer operational tone between the tutor system and the adult facilitator.",fix,fix,"Session imekamilika: maneno 18 sahihi, makosa 4 kwenye sauti za herufi.","Session imekamilika: maneno 18 sahihi, makosa 4 kwenye sauti za herufi.",approved,no,data/scaffolding/sw-en.csv
facilitator-start-next-child-001,sw-en,Swahili,facilitator,any,facilitator,Prompt the facilitator to begin the next child's session.,10,Mtoto huyu amemaliza. Unaweza kuleta mtoto wa pili sasa.,Mtoto huyu amemaliza. Unaweza kuleta mtoto wa pili sasa.,"Neutral and operational, addressing the facilitator directly with a plain factual handoff instruction.",keep,keep,,Mtoto huyu amemaliza. Unaweza kuleta mtoto wa pili sasa.,approved,no,data/scaffolding/sw-en.csv
facilitator-sync-warning-001,sw-en,Swahili,facilitator,any,facilitator,Warn the facilitator that this session's recordings have not yet synced to the server.,12,"Rekodi za kikao hiki bado hazijasync kwenye server, mtandao haupo.","Rekodi za kikao hiki bado hazija[[sync]] kwenye [[server]], mtandao haupo.","Neutral and factual, adult-to-adult operational tone with no hedging or child-directed warmth.",fix,fix,Rekodi za session hii bado hazijatumwa kwa server; hakuna mtandao.,Rekodi za session hii bado hazijatumwa kwa server; hakuna mtandao.,approved,no,data/scaffolding/sw-en.csv
instr-start-beginner-001,yo-en,Yoruba,instruction,beginner,child,Ask the child to look at the letter shown and say its sound.,12,"Wo lẹ́tà yìí, kí ni ohùn rẹ̀? Sọ fún mi!","Wo lẹ́tà yìí, kí ni ohùn rẹ̀? Sọ fún mi!","Warm and inviting, like a gentle nudge from a favourite teacher — short sentences with a playful lift at the end to encourage the child to speak up without anxiety.",reject- no code switching was inserted,fix,"Wo [[letter]] yìí, kí ni ohùn rẹ̀? Sọ fún mi!","Wo [[letter]] yìí, kí ni ohùn rẹ̀? Sọ fún mi!",approved,no,data/scaffolding/yo-en.csv
instr-start-letter-syllable-001,yo-en,Yoruba,instruction,letter_syllable,child,Ask the child to read the syllable shown aloud.,10,Ṣe àyẹwò! Jọwọ ka syllable tó wà níbẹ̀ fún mi.,Ṣe àyẹwò! Jọwọ ka [[syllable]] tó wà níbẹ̀ fún mi.,"Keep the tone bright and inviting, like a gentle nudge from a friendly teacher — not a test command.",Keep- a teacher could say this as written,keep,,Ṣe àyẹwò! Jọwọ ka syllable tó wà níbẹ̀ fún mi.,approved,no,data/scaffolding/yo-en.csv
instr-start-word-001,yo-en,Yoruba,instruction,word,child,Ask the child to read the word shown aloud.,10,"Ẹ wò ọ̀rọ̀ yìí, kí o sì ka á sókè.","Ẹ wò ọ̀rọ̀ yìí, kí o sì [[ka á sókè]].","Keep the tone gentle and inviting, like a friendly nudge from a teacher, not a command — the child should feel safe to try.",reject- wrong code-switch word,fix,"Ẹ wò ọ̀rọ̀ yìí, kí ẹ sì kàá [[loudly]].","Ẹ wò ọ̀rọ̀ yìí, kí ẹ sì kàá [[loudly]].",approved,no,data/scaffolding/yo-en.csv
instr-start-paragraph-001,yo-en,Yoruba,instruction,paragraph,child,"Ask the child to read the paragraph aloud, at their own pace.",12,"Dára, jẹ́ ká bẹ̀rẹ̀. Jọwọ, read àdoédoé yìí fún mi.","Dára, jẹ́ ká bẹ̀rẹ̀. Jọwọ, [[read]] àdoédoé yìí fún mi.","Warm and inviting, using ""jọwọ"" to keep tone gentle and non-pressuring, as if a friendly teacher is simply opening a new page together with the child.",reject- wrong code-switch word,fix,"Dára, jẹ́ ká bẹ̀rẹ̀. jọ̀wọ́ ka [[literature]] yíí fún mí","Dára, jẹ́ ká bẹ̀rẹ̀. jọ̀wọ́ ka [[literature]] yíí fún mí",approved,no,data/scaffolding/yo-en.csv
instr-start-story-001,yo-en,Yoruba,instruction,story,child,Ask the child to read the story aloud from the beginning.,12,"Jẹ́ ká bẹ̀rẹ̀! Jọ̀wọ́, ka ìtàn yìí káàárọ̀ látọ̀dọ̀ ìbẹ̀rẹ̀.","[[Jẹ́ ká bẹ̀rẹ̀!]] Jọ̀wọ́, ka ìtàn yìí káàárọ̀ látọ̀dọ̀ ìbẹ̀rẹ̀.","Warm and enthusiastic to spark excitement at the start of a new story, using a gentle invitation rather than a command.",reject- wrong code-switch word and wrong word addition,fix,"[[Let's start]] jọ̀wọ́, ka itan yíì  làtí ìbẹ́ré","[[Let's start]] jọ̀wọ́, ka itan yíì  làtí ìbẹ́ré",approved,no,data/scaffolding/yo-en.csv
instr-comprehension-001,yo-en,Yoruba,instruction,story,child,Ask a simple comprehension question about the story just read.,14,Dára! Ǹjẹ́ o lè sọ fún mi kíní ìtàn yẹn túmọ̀ sí?,[[Dára!]] Ǹjẹ́ o lè sọ fún mi kíní ìtàn yẹn túmọ̀ sí?,"Warm and inviting, using brief English praise before slipping into Yoruba to keep the child comfortable and motivated after finishing a story.",reject- wrong code-switch word,fix,Dára! Ǹjẹ́ o lè sọ fún mi kíní ìtàn yẹn mean?,Dára! Ǹjẹ́ o lè sọ fún mi kíní ìtàn yẹn mean?,approved,no,data/scaffolding/yo-en.csv
instr-retry-001,yo-en,Yoruba,instruction,any,child,Ask the child to try reading the same item one more time.,10,"Dára, jẹ́ ká gbìyànjú mọ́ lẹ́ẹ̀kan sí i, try again!","Dára, jẹ́ ká gbìyànjú mọ́ lẹ́ẹ̀kan sí i, [[try again]]!","Keep the tone upbeat and encouraging — treat the retry as a fun new chance, not a correction, so the child feels safe to attempt again.",Keep- a teacher could say this as written,keep,,"Dára, jẹ́ ká gbìyànjú mọ́ lẹ́ẹ̀kan sí i, try again!",approved,no,data/scaffolding/yo-en.csv
instr-slow-down-001,yo-en,Yoruba,instruction,any,child,Ask the child to slow down and read at a calmer pace.,10,"Dáadáa, slow down kí o sì ka fẹ́ẹ́fẹ́ẹ́ díẹ̀.","Dáadáa, [[slow down]] kí o sì ka fẹ́ẹ́fẹ́ẹ́ díẹ̀.","Warm and gently redirecting — like a patient teacher placing a calming hand on the child's shoulder, not scolding.",reject- wrong words usage ,fix,"ó dára, [[slow down]] kí o sì ka fẹ́rẹ́fẹ́ẹ́ díẹ̀.","ó dára, [[slow down]] kí o sì ka fẹ́rẹ́fẹ́ẹ́ díẹ̀.",approved,no,data/scaffolding/yo-en.csv
instr-mic-check-001,yo-en,Yoruba,instruction,any,child,Ask the child to hold the phone closer and speak clearly.,12,"Jọ̀wọ́, mú fóònù wá sún mọ́ ẹnu rẹ kí o sọ̀rọ̀ speak clearly!","Jọ̀wọ́, mú fóònù wá sún mọ́ ẹnu rẹ kí o sọ̀rọ̀ [[speak clearly]]!","Use a gentle, encouraging tone — not scolding — so the child feels safe to try again without embarrassment.",Keep- a teacher could say this as written,keep,,"Jọ̀wọ́, mú fóònù wá sún mọ́ ẹnu rẹ kí o sọ̀rọ̀ speak clearly!",approved,no,data/scaffolding/yo-en.csv
instr-ready-check-001,yo-en,Yoruba,instruction,any,child,Check that the child is ready before starting the next item.,8,Ṣé o ṣetán? Jẹ́ ká bẹ̀rẹ̀ — ready?,Ṣé o ṣetán? Jẹ́ ká bẹ̀rẹ̀ — [[ready]]?,"Bright and gently inviting — no pressure, just a friendly nudge to signal a fresh start.",reject -  deletion of a word,fix,Ṣé o ti ṣetán? Jẹ́ ká bẹ̀rẹ̀ — [[ready]]?,Ṣé o ti ṣetán? Jẹ́ ká bẹ̀rẹ̀ — [[ready]]?,approved,no,data/scaffolding/yo-en.csv
instr-free-response-001,yo-en,Yoruba,instruction,any,child,Ask the child what they think happens next in the story.,12,Ṣe o rò pé kí ni yóò ṣẹlẹ̀ tó bá tẹ̀lé? Sọ fún mi!,Ṣe o rò pé kí ni yóò ṣẹlẹ̀ tó bá tẹ̀lé? Sọ fún mi!,"Keep the tone curious and inviting, like a friend eagerly leaning in to hear the child's idea — no pressure, just excitement.",reject- no code switching was inserted,fix,Ṣe o rò pé kí ni yóò ṣẹlẹ̀ tó bá tẹ̀lé? tell me!,Ṣe o rò pé kí ni yóò ṣẹlẹ̀ tó bá tẹ̀lé? tell me!,approved,no,data/scaffolding/yo-en.csv
instr-repeat-please-response-001,yo-en,Yoruba,instruction,any,child,Repeat the instruction more slowly because the child asked.,12,"Ṣe kó o, èmi yóò sọ ó lẹ́ẹ̀kan sí i, fara balẹ̀ gbọ́.","Ṣe kó o, èmi yóò sọ ó lẹ́ẹ̀kan sí i, fara balẹ̀ gbọ́.","Speak gently and reassuringly, slowing the pace so the child feels safe and unhurried.",reject- sentence has some  wrong ideas and no code switch,fix,"listen, èmi yóò sọ ó lẹ́ẹ̀kan sí i.","listen, èmi yóò sọ ó lẹ́ẹ̀kan sí i.",approved,no,data/scaffolding/yo-en.csv
instr-facilitator-wait-001,yo-en,Yoruba,instruction,any,child,Tell the child to wait a moment while a facilitator is called.,10,"Dúró díẹ̀, jẹ́ kí n pe olùrànlọ́wọ́ wá, okay?","Dúró díẹ̀, jẹ́ kí n pe olùrànlọ́wọ́ wá, [[okay]]?",Keep the tone calm and reassuring so the child feels comfortable while briefly waiting for an adult.,Keep- a teacher could say this as written,keep,,"Dúró díẹ̀, jẹ́ kí n pe olùrànlọ́wọ́ wá, okay?",approved,no,data/scaffolding/yo-en.csv
instr-practice-drill-001,yo-en,Yoruba,instruction,word,child,Ask the child to try a short practice drill before the real item.,12,Jẹ́ ká gbìyànjú àdánwò kékeré kan. Ready? Bẹ̀rẹ̀!,Jẹ́ ká gbìyànjú àdánwò kékeré kan. [[Ready?]] Bẹ̀rẹ̀!,"Keep the tone playful and energizing, like a friendly nudge to get the child excited rather than anxious about the drill.",reject--wrong word usage,fix,Jẹ́ ká gbìyànjú ìdánwò kékeré kan. [[Ready?]] Bẹ̀rẹ̀!,Jẹ́ ká gbìyànjú ìdánwò kékeré kan. [[Ready?]] Bẹ̀rẹ̀!,approved,no,data/scaffolding/yo-en.csv
praise-first-try-beginner-001,yo-en,Yoruba,praise,beginner,child,Praise correct letter-sound on the first try.,8,"Ó yani lẹ́nu! Well done, ó tọ́ pátápátá!","Ó yani lẹ́nu! [[Well done]], ó tọ́ pátápátá!","Keep it bright and celebratory — a burst of genuine delight, as a warm teacher would cheer a beginner's very first win.",Keep- a teacher could say this as written,keep,,"Ó yani lẹ́nu! Well done, ó tọ́ pátápátá!",approved,no,data/scaffolding/yo-en.csv
praise-first-try-syllable-001,yo-en,Yoruba,praise,letter_syllable,child,Praise correct syllable read on the first try.,8,"Ó dára! O ka a dáadáa, [[well done]]!","Ó dára! O ka a dáadáa, [[well done]]!",Warm and celebratory — short burst of genuine excitement so the child feels immediately rewarded for their success.,reject - wrong tone marks,fix,"Ó dára, ó kàá dáadaa","Ó dára, ó kàá dáadaa",approved,no,data/scaffolding/yo-en.csv
praise-first-try-word-001,yo-en,Yoruba,praise,word,child,Praise correct word read on the first try.,8,"Ó dára! O ka ọ̀rọ̀ náà dáadáa, well done!","Ó dára! O ka ọ̀rọ̀ náà dáadáa, [[well done]]!","Warm and enthusiastic, like a proud teacher clapping — short burst of joy to reward immediate success.",reject- wrong tone mark,fix,"Ó dára! Ó ka ọ̀rọ̀ náà dáadáa, [[well done]]!","Ó dára! Ó ka ọ̀rọ̀ náà dáadáa, [[well done]]!",approved,no,data/scaffolding/yo-en.csv
praise-first-try-paragraph-001,yo-en,Yoruba,praise,paragraph,child,Praise fluent reading of a full paragraph.,10,"Ó dára púpọ̀! O ka gbogbo ìtàn náà dáadáa, well done!","Ó dára púpọ̀! O ka gbogbo ìtàn náà dáadáa, [[well done]]!","Warm and celebratory — use a bright, enthusiastic tone to make the child feel genuinely proud of their fluent reading.",reject- wrong tone mark,fix,"Ó dára púpọ̀! Ó ka gbogbo ìtàn náà dáadáa, [[well done]]!","Ó dára púpọ̀! Ó ka gbogbo ìtàn náà dáadáa, [[well done]]!",approved,no,data/scaffolding/yo-en.csv
praise-first-try-story-001,yo-en,Yoruba,praise,story,child,Praise finishing a story with strong fluency.,10,"Ó dára gan! O ka ìtàn náà dáadáa, well done!","Ó dára gan! O ka ìtàn náà dáadáa, [[well done]]!","Warm and celebratory — match the child's triumph with genuine enthusiasm, keeping it brief and energising.",reject- wrong tone mark,fix,"Ó dára gan! Ó  ka ìtàn náà dáadáa, [[well done]]!","Ó dára gan! Ó  ka ìtàn náà dáadáa, [[well done]]!",approved,no,data/scaffolding/yo-en.csv
praise-after-retry-word-001,yo-en,Yoruba,praise,word,child,Praise the child for succeeding after a retry.,10,"Àgbàdo! O gbìyànjú, o ṣe é! Good job!","Àgbàdo! O gbìyànjú, o ṣe é! [[Good job!]]",Warm and celebratory — mirror the excitement a kind classroom teacher shows when a child finally cracks a tricky word on a second try.,reject- wrong word addition ,fix,"O gbìyànjú, o ṣe é! [[Good job!]]","O gbìyànjú, o ṣe é! [[Good job!]]",approved,no,data/scaffolding/yo-en.csv
praise-after-retry-syllable-001,yo-en,Yoruba,praise,letter_syllable,child,Praise the child for succeeding after a retry at syllable level.,10,"Ẹ̀yẹn ni! O ti ṣe é. Well done, ọmọ mi!","Ẹ̀yẹn ni! O ti ṣe é. [[Well done]], ọmọ mi!","Warm and celebratory — brief burst of pride to reward persistence without over-explaining, pitched at a young child who just overcame a small hurdle.",reject- wrong word choice and addition ,fix,"bẹ́ẹ̀ni! O ti ṣe é. [[Well done]]!, ọmọ mi!","bẹ́ẹ̀ni! O ti ṣe é. [[Well done]]!, ọmọ mi!",approved,no,data/scaffolding/yo-en.csv
praise-comprehension-001,yo-en,Yoruba,praise,story,child,Praise a thoughtful answer to a comprehension question.,10,"Ìdáhùn rẹ dára gan-an! Well done, ọmọ mi!","Ìdáhùn rẹ dára gan-an! [[Well done]], ọmọ mi!","Warm and celebratory, using ""ọmọ mi"" (my child) to feel personal and affirming for a young learner.",Keep- a teacher could say this as written,keep,,"Ìdáhùn rẹ dára gan-an! Well done, ọmọ mi!",approved,no,data/scaffolding/yo-en.csv
praise-effort-general-001,yo-en,Yoruba,praise,any,child,Praise visible effort even when the answer wasn't fully correct.,10,"Ó dára! O gbìyànjú gan-an, mo fẹ́ràn ìyẹn!","[[Ó dára!]] O gbìyànjú gan-an, mo fẹ́ràn ìyẹn!","Warm and enthusiastic, celebrating the child's effort genuinely without drawing attention to the error, so they feel safe to keep trying.",reject- wrong code-switch word,fix,"[[That is good!]] O gbìyànjú gan-an, mo fẹ́ràn ìyẹn!","[[That is good!]] O gbìyànjú gan-an, mo fẹ́ràn ìyẹn!",approved,no,data/scaffolding/yo-en.csv
praise-improvement-001,yo-en,Yoruba,praise,any,child,Note that the child is improving compared to earlier in the session.,12,"Ó dára! O ti n ṣe better ju ìbẹ̀rẹ̀ lọ, mo fẹ́ràn rẹ̀!","Ó dára! O ti n ṣe [[better]] ju ìbẹ̀rẹ̀ lọ, mo fẹ́ràn rẹ̀!","Keep the tone bright and celebratory, like a proud teacher sharing in the child's success rather than evaluating them.",Keep- a teacher could say this as written,keep,,"Ó dára! O ti n ṣe better ju ìbẹ̀rẹ̀ lọ, mo fẹ́ràn rẹ̀!",approved,no,data/scaffolding/yo-en.csv
praise-confidence-001,yo-en,Yoruba,praise,word,child,"Praise a confident, clear reading voice.",8,"Ó dára! O ka pẹ̀lú ìgboyà, well done!","Ó dára! O ka pẹ̀lú ìgboyà, [[well done]]!","Keep the tone bright and celebratory — short, punchy praise lands best with young children at word-reading stage.",reject - wrong tone marks,fix,"Ó dára! Ó kàá pẹ̀lú ìgboyà, [[well done]]!","Ó dára! Ó kàá pẹ̀lú ìgboyà, [[well done]]!",approved,no,data/scaffolding/yo-en.csv
praise-self-correct-001,yo-en,Yoruba,praise,any,child,Praise the child for catching and fixing their own mistake.,10,"Ó dára! O ṣe àṣìṣe, o sì ṣe àtúnṣe rẹ̀ dára! Well done!","Ó dára! O ṣe àṣìṣe, o sì ṣe àtúnṣe rẹ̀ dára! [[Well done!]]","Warm and celebratory, making the child feel proud of their own awareness and initiative.",Keep- a teacher could say this as written,keep,,"Ó dára! O ṣe àṣìṣe, o sì ṣe àtúnṣe rẹ̀ dára! Well done!",approved,no,data/scaffolding/yo-en.csv
praise-creative-answer-001,yo-en,Yoruba,praise,story,child,Praise an imaginative answer to an open-ended story question.,12,"Ìdáhùn rẹ dára gan-an! Wow, o ronú nǹkan tó ṣàánú púpọ̀!","Ìdáhùn rẹ dára gan-an! [[Wow]], o ronú nǹkan tó ṣàánú púpọ̀!","Warm and genuinely delighted — celebrate the child's imagination with real enthusiasm, not stiff classroom praise.",Keep- a teacher could say this as written,keep,,"Ìdáhùn rẹ dára gan-an! Wow, o ronú nǹkan tó ṣàánú púpọ̀!",approved,no,data/scaffolding/yo-en.csv
praise-quiet-progress-001,yo-en,Yoruba,praise,letter_syllable,child,Gently praise a shy or quiet child's small progress.,10,"Ó dára! Well done, ọmọ mi. Mo gbọ́ ọ dáadáa.","Ó dára! [[Well done]], ọmọ mi. Mo gbọ́ ọ dáadáa.","Use a soft, warm, unhurried tone — affirming without being loud or overwhelming for a shy child.",Keep- a teacher could say this as written,keep,,"Ó dára! Well done, ọmọ mi. Mo gbọ́ ọ dáadáa.",approved,no,data/scaffolding/yo-en.csv
hint-letter-sound-001,yo-en,Yoruba,hint,beginner,child,Prompt the child to think of the sound the letter makes.,10,Wo lẹ́tà yìí. Ó ń ṣe ohun wo?,Wo lẹ́tà yìí. Ó ń ṣe ohun wo?,"Keep the tone gently curious and patient — like a kind older sibling nudging the child to think, not a teacher testing them.",reject- wrong word usage ,fix,Wo lẹ́tà yìí. Ó ń ṣi ohun wo?,Wo lẹ́tà yìí. Ó ń ṣi ohun wo?,approved,no,data/scaffolding/yo-en.csv
hint-syllable-blend-001,yo-en,Yoruba,hint,letter_syllable,child,Prompt the child to blend the two sounds in the syllable together.,12,"Jẹ́ kí a darapọ̀ mọ́ ara wọn: ṣe àkójọpọ̀, sọ wọ́n papọ̀!","Jẹ́ kí a darapọ̀ mọ́ ara wọn: [[ṣe àkójọpọ̀]], sọ wọ́n papọ̀!","Use a playful, encouraging tone — like clapping two things together — to make blending feel fun and achievable for a young child.",reject- wrong code-switch word and wrong word addition,fix,"Jẹ́ kí a dàápọ̀ mọ́ ara wọn: [[Add them together]], so wọ́n papọ̀!","Jẹ́ kí a dàápọ̀ mọ́ ara wọn: [[Add them together]], so wọ́n papọ̀!",approved,no,data/scaffolding/yo-en.csv
hint-word-first-letter-001,yo-en,Yoruba,hint,word,child,Prompt the child to look at the first letter of the word.,10,Wo lẹ́tà àkọ́kọ́ ọ̀rọ̀ yẹn. Èwo ni?,Wo lẹ́tà àkọ́kọ́ ọ̀rọ̀ yẹn. Èwo ni?,"Warm and gently prompting — no pressure, just redirecting the child's eyes to the first letter as a friendly nudge.",reject- no code switching was inserted,fix,Wo [[letter]] àkọ́kọ́ ọ̀rọ̀ yẹn. Èwo ni?,Wo [[letter]] àkọ́kọ́ ọ̀rọ̀ yẹn. Èwo ni?,approved,no,data/scaffolding/yo-en.csv
hint-word-familiar-001,yo-en,Yoruba,hint,word,child,Suggest the word looks like one they already know.,12,Wo ọ̀rọ̀ yìí dára! Ó dà bí ọ̀rọ̀ tí o mọ̀ tẹ́lẹ̀.,[[Wo]] ọ̀rọ̀ yìí dára! Ó dà bí ọ̀rọ̀ tí o mọ̀ tẹ́lẹ̀.,"Keep a gentle, encouraging tone — like a kind older sibling nudging the child to trust what they already know.",reject- wrong code-switch word,fix,Woọ̀rọ̀ yìí [[very well]]! Ó dà bí ọ̀rọ̀ tí o mọ̀ tẹ́lẹ̀.,Woọ̀rọ̀ yìí [[very well]]! Ó dà bí ọ̀rọ̀ tí o mọ̀ tẹ́lẹ̀.,approved,no,data/scaffolding/yo-en.csv
hint-sentence-context-001,yo-en,Yoruba,hint,paragraph,child,Suggest using the rest of the sentence as a clue for the tricky word.,14,Wo ó! Wo àwọn ọ̀rọ̀ mìíràn nínú gbolohun náà — wọn lè ràn ọ́ lọ́wọ́.,Wo ó! Wo àwọn ọ̀rọ̀ mìíràn nínú gbolohun náà — wọn lè ràn ọ́ lọ́wọ́.,"Use a warm, gently encouraging tone — like a patient teacher leaning in to share a little secret with the child.",reject- no code switching was inserted,fix,[[look]]! Wo àwọn ọ̀rọ̀ mìíràn nínú u gbólóhùn náà — wọ́n lè ràn ọ́ lọwọ́́.,[[look]]! Wo àwọn ọ̀rọ̀ mìíràn nínú u gbólóhùn náà — wọ́n lè ràn ọ́ lọwọ́́.,approved,no,data/scaffolding/yo-en.csv
hint-story-context-001,yo-en,Yoruba,hint,story,child,Suggest thinking about what would make sense in the story so far.,14,Rò ó! Kí ló ṣẹlẹ̀ nínú ìtàn wa? Èyí tó bá ìtàn mu ni ó tọ̀.,Rò ó! Kí ló ṣẹlẹ̀ nínú ìtàn wa? Èyí tó bá ìtàn mu ni ó tọ̀.,"Warm and encouraging, using a gentle nudge to prompt story recall without any pressure, as a caring classroom teacher would.",reject- no code switching was inserted,fix,Rò ó! Kí ló ṣẹlẹ̀ nínú ìtàn wa? Èyí tó bá ìtàn mu ni [[right one]],Rò ó! Kí ló ṣẹlẹ̀ nínú ìtàn wa? Èyí tó bá ìtàn mu ni [[right one]],approved,no,data/scaffolding/yo-en.csv
hint-comprehension-001,yo-en,Yoruba,hint,story,child,Suggest thinking back to what happened earlier in the story.,12,Rántí ohun tó ṣẹlẹ̀ ní ìbẹ̀rẹ̀ ìtàn wa. Think back!,Rántí ohun tó ṣẹlẹ̀ ní ìbẹ̀rẹ̀ ìtàn wa. [[Think back!]],"Warm and gently encouraging — like a patient teacher nudging the child to recall, not pressuring them.",Keep- a teacher could say this as written,keep,Rántí ohun tó ṣẹlẹ̀ ní ìbẹ̀rẹ̀ ìtàn wa. [[Think back!]],Rántí ohun tó ṣẹlẹ̀ ní ìbẹ̀rẹ̀ ìtàn wa. Think back!,approved,no,data/scaffolding/yo-en.csv
hint-slow-sound-out-001,yo-en,Yoruba,hint,letter_syllable,child,"Suggest sounding out the syllable slowly, one part at a time.",12,"Jẹ ká gbiyanju lẹ́ẹ̀kan sí i. Sọ ohun kọ̀ọ̀kan lọ́ra lọ́ra, slowly!","Jẹ ká gbiyanju lẹ́ẹ̀kan sí i. Sọ ohun kọ̀ọ̀kan lọ́ra lọ́ra, [[slowly]]!","Keep the tone gently encouraging and unhurried, like a patient older friend coaxing the child — no pressure, just an invitation to try again.",reject- wrong word addition ,fix,"Jẹ ká gbiyanju lẹ́ẹ̀kan sí i. Sọ ohun kọ̀ọ̀kan , [[slowly]]!","Jẹ ká gbiyanju lẹ́ẹ̀kan sí i. Sọ ohun kọ̀ọ̀kan , [[slowly]]!",approved,no,data/scaffolding/yo-en.csv
hint-look-again-001,yo-en,Yoruba,hint,word,child,Suggest looking at the word again carefully before answering.,10,Dúró! Wo ọ̀rọ̀ náà mọ́jú kíyèsí àárọ̀ rẹ̀ — look again!,Dúró! Wo ọ̀rọ̀ náà mọ́jú kíyèsí àárọ̀ rẹ̀ — [[look again]]!,"Warm but gently firm — like a caring teacher tapping the brakes on a child who is rushing, using a brief English phrase to signal a familiar classroom reset routine.",reject- wrong word addition ,fix,Dúró! Wo ọ̀rọ̀ náà mójú kíyèsí  rẹ̀ — [[look again]]!,Dúró! Wo ọ̀rọ̀ náà mójú kíyèsí  rẹ̀ — [[look again]]!,approved,no,data/scaffolding/yo-en.csv
hint-break-it-down-001,yo-en,Yoruba,hint,paragraph,child,Suggest breaking the sentence into smaller chunks.,12,"Jẹ́ ká gbìyànjú — broken si awọn ìpín kéékéré, ó dára?","Jẹ́ ká gbìyànjú — [[broken]] si awọn ìpín kéékéré, ó dára?","Warm and inviting, framing the strategy as a shared adventure rather than a correction, so the child feels supported not criticised.",reject- wrong code-switch word and wrong choice,fix,"Jẹ́ ká gbìyànjú  ká á[[break]] sí àwọn ìpín kéékéré, ṣé ó dára?","Jẹ́ ká gbìyànjú  ká á[[break]] sí àwọn ìpín kéékéré, ṣé ó dára?",approved,no,data/scaffolding/yo-en.csv
hint-picture-clue-001,yo-en,Yoruba,hint,word,child,Suggest thinking of a picture that matches the word.,10,Ronu: kí ni àwòrán rẹ̀ trông bii? Draw am lórí ọkàn rẹ!,Ronu: kí ni àwòrán rẹ̀ trông bii? [[Draw]] am lórí ọkàn rẹ!,"Warm and playful, inviting the child to visualise rather than feel pressured — as if a kind teacher is whispering a fun secret tip.",reject- sentence have some  wrong ideas ,fix,Ronu: kí ni àwòrán rẹ̀ jọ? [[Draw]] rẹ̀ láti orí rẹ̀ẹ,Ronu: kí ni àwòrán rẹ̀ jọ? [[Draw]] rẹ̀ láti orí rẹ̀ẹ,approved,no,data/scaffolding/yo-en.csv
hint-try-whisper-001,yo-en,Yoruba,hint,beginner,child,Suggest whispering the sound first before saying it aloud.,10,Ẹ má bẹ̀rù! Whisper ohun náà kánkán fún mi.,Ẹ má bẹ̀rù! [[Whisper]] ohun náà kánkán fún mi.,"Warm and reassuring — open with comfort before the gentle instruction, so the child feels safe to try.",reject- wrong word addition ,fix,Ẹ má bẹ̀rù! [[Whisper]] ohun náà  fún mi.,Ẹ má bẹ̀rù! [[Whisper]] ohun náà  fún mi.,approved,no,data/scaffolding/yo-en.csv
correction-letter-soft-001,yo-en,Yoruba,correction,beginner,child,"Gently correct a misread letter sound without saying ""wrong"".",10,"Ó dára, ṣùgbọ́n ẹ̀kọ́ náà jẹ́ ""try again"" — tún gbọ́ó.","Ó dára, ṣùgbọ́n ẹ̀kọ́ náà jẹ́ ""[[try again]]"" — tún gbọ́ó.","Use a soft, encouraging tone — affirm the child's effort before gently redirecting, so they feel safe to try again.",reject- omitted punctuation,fix,"Ó dára, ṣùgbọ́n ẹ̀kọ́ náà jẹ́? ""[[try again]]"" — tún gbọ́ó.","Ó dára, ṣùgbọ́n ẹ̀kọ́ náà jẹ́? ""[[try again]]"" — tún gbọ́ó.",approved,no,data/scaffolding/yo-en.csv
correction-syllable-soft-001,yo-en,Yoruba,correction,letter_syllable,child,Gently correct a misread syllable.,10,"Ẹ̀yẹ! Jẹ́ ká gbìyànjú lẹ́ẹ̀kan sí i, try again!","Ẹ̀yẹ! Jẹ́ ká gbìyànjú lẹ́ẹ̀kan sí i, [[try again]]!","Keep the tone soft and encouraging — acknowledge the child's effort before gently inviting a second attempt, avoiding any sense of shame.",reject- wrong word choice ,fix,"Óyá! Jẹ́ ká gbìyànjú lẹ́ẹ̀kan sí i, [[try again]]!","Óyá! Jẹ́ ká gbìyànjú lẹ́ẹ̀kan sí i, [[try again]]!",approved,no,data/scaffolding/yo-en.csv
correction-word-soft-001,yo-en,Yoruba,correction,word,child,Gently correct a misread word.,10,"Ẹ̀yin ọmọ, gbiyanjú mọ́. Ọ̀rọ̀ náà jẹ́ ""aso"", ṣe try again.","Ẹ̀yin ọmọ, gbiyanjú mọ́. Ọ̀rọ̀ náà jẹ́ ""aso"", ṣe [[try again]].","Warm and encouraging, keeping the correction gentle so the child feels safe to try again without embarrassment.",reject- omission of a word  and wrong word addition,fix,"Ẹ̀yin ọmọ, ẹ́ gbiyanjú mọ́. Ọ̀rọ̀ náà jẹ́ ""aso"", [[try again]].","Ẹ̀yin ọmọ, ẹ́ gbiyanjú mọ́. Ọ̀rọ̀ náà jẹ́ ""aso"", [[try again]].",approved,no,data/scaffolding/yo-en.csv
correction-sentence-soft-001,yo-en,Yoruba,correction,paragraph,child,Gently correct a misread sentence within a paragraph.,12,"Ẹ jẹ ká gbìyànjú mọ̀. Jọwọ, ka gbólóọ̀run náà lẹ́ẹ̀kan sí i.","Ẹ jẹ ká [[try]] mọ̀. Jọwọ, ka gbólóọ̀run náà lẹ́ẹ̀kan sí i.","Stay warm and unhurried — frame the correction as a friendly second chance, not a reprimand, so the child feels safe to try again.",reject- omission of a word  and wrong spelling ,fix,"Ẹ jẹ ká [[try]]mọọ́. Jọ̀wọ́, ka gbólóhun náà lẹ́ẹ̀kan sí i.","Ẹ jẹ ká [[try]]mọọ́. Jọ̀wọ́, ka gbólóhun náà lẹ́ẹ̀kan sí i.",approved,no,data/scaffolding/yo-en.csv
correction-model-pronunciation-001,yo-en,Yoruba,correction,word,child,Model the correct pronunciation and ask the child to repeat it.,12,"Gbọ́ dáadáa: ""ọ̀wọ̀."" Ẹ̀yin repeat rẹ̀ — ""ọ̀wọ̀!""","Gbọ́ dáadáa: ""ọ̀wọ̀."" Ẹ̀yin [[repeat]] rẹ̀ — ""ọ̀wọ̀!""","Warm and encouraging, slowing down on the modelled word so the child can hear each sound clearly, without any hint of scolding.",reject- wrong word addition ,fix,"Gbọ́ dáadáa: ""ọ̀wọ̀."" [[Repeat]] rẹ̀  ""ọ̀wọ̀!""","Gbọ́ dáadáa: ""ọ̀wọ̀."" [[Repeat]] rẹ̀  ""ọ̀wọ̀!""",approved,no,data/scaffolding/yo-en.csv
correction-comprehension-001,yo-en,Yoruba,correction,story,child,Gently correct a misunderstanding without discouraging the child.,12,"Ò tó! Ẹ jẹ ká tún wo ìtàn náà, sai? Kí ni ó sọ?","Ò tó! Ẹ jẹ ká tún wo ìtàn náà, [[sai?]] Kí ni ó sọ?","Keep the tone soft and curious, not corrective — invite the child back into the story as a shared discovery rather than pointing out a mistake.",reject- wrong tone mark and wrong code-switching,fix,"Ó tó! Ẹ jẹ́ ká tún wo ìtàn náà, [[so]] Kí ni ó sọ?","Ó tó! Ẹ jẹ́ ká tún wo ìtàn náà, [[so]] Kí ni ó sọ?",approved,no,data/scaffolding/yo-en.csv
correction-skip-word-001,yo-en,Yoruba,correction,paragraph,child,Point out gently that a word was skipped and ask them to include it.,12,"Ó dára, ṣùgbọ́n ọ̀rọ̀ kan wà tí o fo. Jẹ́ ká try again!","Ó dára, ṣùgbọ́n ọ̀rọ̀ kan wà tí o fo. Jẹ́ ká [[try again]]!","Keep the tone encouraging and light — acknowledge the child's effort first before pointing out the skip, so they don't feel discouraged.",Keep- a teacher could say this as written,keep,,"Ó dára, ṣùgbọ́n ọ̀rọ̀ kan wà tí o fo. Jẹ́ ká try again!",approved,no,data/scaffolding/yo-en.csv
correction-mixed-up-order-001,yo-en,Yoruba,correction,word,child,Point out that the sounds came out in the wrong order and ask for another try.,12,"Ọmọ mi, ó dára, ṣùgbọ́n ìtọ́sọ̀nà ohùn náà yí padà. Jẹ́ ká try again!","Ọmọ mi, ó dára, ṣùgbọ́n ìtọ́sọ̀nà ohùn náà yí padà. Jẹ́ ká [[try again]]!","Warm and gently corrective — acknowledge the effort first, then redirect with light energy so the child feels safe to try once more.",Keep- a teacher could say this as written,keep,,"Ọmọ mi, ó dára, ṣùgbọ́n ìtọ́sọ̀nà ohùn náà yí padà. Jẹ́ ká try again!",approved,no,data/scaffolding/yo-en.csv
correction-persistent-error-001,yo-en,Yoruba,correction,any,child,Calmly acknowledge repeated difficulty and offer to move on for now.,14,"Kò burú, ẹ jẹ ká skip èyí kí a siwaju.","Kò burú, ẹ jẹ ká [[skip]] èyí kí a siwaju.","Keep the tone gentle and reassuring — the child needs to feel safe, not ashamed, after repeated struggle.",reject- wrong tone mark and wrong word choice,fix,"Kò burú, ẹ jẹ ká [[skip]] èyí kí á tèsíwájú.","Kò burú, ẹ jẹ ká [[skip]] èyí kí á tèsíwájú.",approved,no,data/scaffolding/yo-en.csv
correction-mispronounce-name-001,yo-en,Yoruba,correction,story,child,Gently correct a mispronounced character or place name in a story.,12,Ó dára! Ṣùgbọ́n jẹ́ ká sọ orúkọ rẹ̀ pọ̀: repeat after me — Àmíná.,Ó dára! Ṣùgbọ́n jẹ́ ká sọ orúkọ rẹ̀ pọ̀: [[repeat after me]] — Àmíná.,"Keep the tone light and encouraging — acknowledge the child's effort before gently redirecting, never making the correction feel like a scolding.",Keep- a teacher could say this as written,keep,,Ó dára! Ṣùgbọ́n jẹ́ ká sọ orúkọ rẹ̀ pọ̀: repeat after me — Àmíná.,approved,no,data/scaffolding/yo-en.csv
level-up-beginner-to-letter-001,yo-en,Yoruba,level_transition,beginner,child,Announce moving up from beginner to letter/syllable level.,14,"Ó dára! O ṣe dáradára. Jẹ ká wo àwọn lẹ́tà báyìí, ṣe é bẹ́ẹ̀?","[[Ó dára]]! O ṣe dáradára. Jẹ ká wo àwọn lẹ́tà báyìí, ṣe é bẹ́ẹ̀?","Warm and celebratory — match the excitement of a milestone moment, keeping language very short and encouraging for a beginner reader.",reject- wrong code-switch word and wrong spelling,fix,"That's good! O ṣe dáadáa. Jẹ ká wo àwọn lẹ́tà báyìí, ṣe é bẹ́ẹ̀?","That's good! O ṣe dáadáa. Jẹ ká wo àwọn lẹ́tà báyìí, ṣe é bẹ́ẹ̀?",approved,no,data/scaffolding/yo-en.csv
level-up-letter-to-word-001,yo-en,Yoruba,level_transition,letter_syllable,child,Announce moving up from letter/syllable to word level.,14,Ó dára! O ti ṣe é! Jẹ ká lọ kà ọ̀rọ̀ pọ̀ báyìí.,Ó dára! [[O ti ṣe é!]] Jẹ ká lọ kà ọ̀rọ̀ pọ̀ báyìí.,Warm and celebratory — give the child a clear sense of achievement before gently nudging them forward.,reject-wrong code switch,fix,Ó dára! [[you have done it]] Jẹ ká lọ kà ọ̀rọ̀ pọ̀ báyìí.,Ó dára! [[you have done it]] Jẹ ká lọ kà ọ̀rọ̀ pọ̀ báyìí.,approved,no,data/scaffolding/yo-en.csv
level-up-word-to-paragraph-001,yo-en,Yoruba,level_transition,word,child,Announce moving up from word to paragraph level.,14,Ẹ wà o! O ṣe daradara. Jẹ ká ka paragraph papọ̀ bayi!,[[Ẹ wà o]]! O ṣe daradara. Jẹ ká ka [[paragraph]] papọ̀ bayi!,"Use bright, celebratory warmth — this is a mini milestone moment, so the tone should feel like a cheer, not a flat announcement.",reject- wrong code-switch ,fix,Ẹ wà o! O ṣe daradara. Jẹ ká ka [[paragraph]] papọ̀ bayi!,Ẹ wà o! O ṣe daradara. Jẹ ká ka [[paragraph]] papọ̀ bayi!,approved,no,data/scaffolding/yo-en.csv
level-up-paragraph-to-story-001,yo-en,Yoruba,level_transition,paragraph,child,Announce moving up from paragraph to story level.,14,Ẹ wà! Ó dára púpọ̀! A máa ń ka ìtàn nísinsìnyí. Well done!,Ẹ wà! Ó dára púpọ̀! A máa ń ka ìtàn nísinsìnyí. [[Well done!]],"Use bright, celebratory energy — this is a proud milestone moment for the child, so warmth and genuine excitement should shine through without sounding overly formal.",reject- wrong word addition ,fix,Ẹ wà! Ó dára púpọ̀! A máa ka ìtàn nísinsìnyí. [[Well done!]],Ẹ wà! Ó dára púpọ̀! A máa ka ìtàn nísinsìnyí. [[Well done!]],approved,no,data/scaffolding/yo-en.csv
level-stay-beginner-001,yo-en,Yoruba,level_transition,beginner,child,Reassure the child they're staying at beginner level to build confidence.,14,"Ó dára, a máa ń ṣe àtúnyẹ̀wò papọ̀ rẹ̀. Keep going, ìwọ ń ṣe dáadáa!","Ó dára, a máa ń ṣe àtúnyẹ̀wò papọ̀ rẹ̀. [[Keep going]], ìwọ ń ṣe dáadáa!","Warm and reassuring — celebrate effort rather than the outcome, so the child feels safe and motivated to keep trying.",Keep- a teacher could say this as written,keep,,"Ó dára, a máa ń ṣe àtúnyẹ̀wò papọ̀ rẹ̀. Keep going, ìwọ ń ṣe dáadáa!",approved,no,data/scaffolding/yo-en.csv
level-stay-letter-001,yo-en,Yoruba,level_transition,letter_syllable,child,Reassure the child they're staying at letter/syllable level.,14,"Ó dára, a máa wà níbí. A óò practice lẹ́tà pọ̀ síi!","Ó dára, a máa wà níbí. A óò [[practice]] lẹ́tà pọ̀ síi!","Keep the tone gently reassuring and upbeat — the child should feel safe staying at this level, not disappointed.",Keep- a teacher could say this as written,keep,,"Ó dára, a máa wà níbí. A óò practice lẹ́tà pọ̀ síi!",approved,no,data/scaffolding/yo-en.csv
level-stay-word-001,yo-en,Yoruba,level_transition,word,child,Reassure the child they're staying at word level.,14,"Kò tọ̀pọ̀lọpọ̀! A máa ń ṣe àwọn ọ̀rọ̀ síi papọ̀, okay?","Kò tọ̀pọ̀lọpọ̀! A máa ń ṣe àwọn ọ̀rọ̀ síi papọ̀, [[okay]]?",Keep the tone gentle and reassuring — no hint of disappointment — so the child feels safe to keep trying.,reject-wrong word choice and insertion,fix,"Kòpò lọ́pọ̀lọpọ̀! A máa  ṣe àwọn ọ̀rọ̀ síi papọ̀, [[okay]]?","Kòpò lọ́pọ̀lọpọ̀! A máa  ṣe àwọn ọ̀rọ̀ síi papọ̀, [[okay]]?",approved,no,data/scaffolding/yo-en.csv
level-stay-paragraph-001,yo-en,Yoruba,level_transition,paragraph,child,Reassure the child they're staying at paragraph level.,14,"Ó dára, a ó máa ṣiṣẹ pẹ̀lú paragraph. O ń ṣe dáadáa!","Ó dára, a ó máa ṣiṣẹ pẹ̀lú [[paragraph]]. O ń ṣe dáadáa!","Keep the tone warm and encouraging — celebrate effort, not failure, so the child feels safe staying at this level.",Keep- a teacher could say this as written,keep,,"Ó dára, a ó máa ṣiṣẹ pẹ̀lú paragraph. O ń ṣe dáadáa!",approved,no,data/scaffolding/yo-en.csv
level-down-word-to-letter-001,yo-en,Yoruba,level_transition,word,child,Gently explain the child will practice letter/syllable items for a bit.,16,"Ó dára, ẹ jẹ́ ká ṣe àtúnyẹ̀wò lẹ́tà díẹ̀ papọ̀. Ready? Jẹ́ kí a bẹ̀rẹ̀!","Ó dára, ẹ jẹ́ ká ṣe àtúnyẹ̀wò lẹ́tà díẹ̀ papọ̀. [[Ready?]] Jẹ́ kí a bẹ̀rẹ̀!","Use an upbeat, reassuring tone — frame the level drop as a fun new game, not a setback, so the child feels encouraged rather than discouraged.",Keep- a teacher could say this as written,keep,,"Ó dára, ẹ jẹ́ ká ṣe àtúnyẹ̀wò lẹ́tà díẹ̀ papọ̀. Ready? Jẹ́ kí a bẹ̀rẹ̀!",approved,no,data/scaffolding/yo-en.csv
level-first-assessment-001,yo-en,Yoruba,level_transition,any,child,Explain that this first session is about finding the right starting level.,16,"Ẹ káàbọ̀! Ní ìtẹ̀jáde àkọ́kọ́ yìí, a ó wá ìpele tó dára jù fún ọ.","Ẹ káàbọ̀! Ní ìtẹ̀jáde àkọ́kọ́ yìí, a ó wá [[level]] tó dára jù fún ọ.","Warm and welcoming, like a friendly teacher greeting a child on their very first day — gentle, unhurried, and reassuring.",Keep- a teacher could say this as written,keep,,"Ẹ káàbọ̀! Ní ìtẹ̀jáde àkọ́kọ́ yìí, a ó wá ìpele tó dára jù fún ọ.",approved,no,data/scaffolding/yo-en.csv
encourage-tired-001,yo-en,Yoruba,encouragement,any,child,Encourage a child who seems to be losing focus or getting tired.,12,"Ẹ̀yẹ kékeré, o ṣe dára! Keep going, a fẹ́rẹ̀ parí!","Ẹ̀yẹ kékeré, o ṣe dára! [[Keep going]], a fẹ́rẹ̀ parí!",Warm and gently energising — like a kind teacher leaning in with a whispered cheer to help a tired child push through the last stretch.,reject- wrong word choice ,fix,"ìyí kékeré, o ṣe dára! [[Keep going]], a fẹ́rẹ̀ parí!","ìyí kékeré, o ṣe dára! [[Keep going]], a fẹ́rẹ̀ parí!",approved,no,data/scaffolding/yo-en.csv
encourage-frustrated-001,yo-en,Yoruba,encouragement,any,child,Reassure a child who seems frustrated after a few misses in a row.,12,"Ẹ má worry, ọmọ mi! Ìdánwò ni — ìwọ ń ṣe dáadáa.","[[Ẹ má worry]], ọmọ mi! Ìdánwò ni — ìwọ ń ṣe dáadáa.","Warm and soothing, like a kind teacher leaning in close; avoids any tone of evaluation or pressure so the child feels safe to keep trying.",reject- wrong code-switching,fix,"Ẹ má [[worry]], ọmọ mi! Ìdánwò ni — ìwọ ń ṣe dáadáa.","Ẹ má [[worry]], ọmọ mi! Ìdánwò ni — ìwọ ń ṣe dáadáa.",approved,no,data/scaffolding/yo-en.csv
encourage-nervous-001,yo-en,Yoruba,encouragement,any,child,Reassure a shy or nervous-sounding child before they begin.,12,"Ẹ̀rù má bà ọ, ọmọ mi. Ìwọ lè ṣe é — no worries rárá!","Ẹ̀rù má bà ọ, ọmọ mi. Ìwọ lè ṣe é — [[no worries]] rárá!","Speak gently and slowly with a warm, almost-whisper tone, like a kind elder calming a child before they take a first step.",Keep- a teacher could say this as written,keep,,"Ẹ̀rù má bà ọ, ọmọ mi. Ìwọ lè ṣe é — no worries rárá!",approved,no,data/scaffolding/yo-en.csv
encourage-halfway-001,yo-en,Yoruba,encouragement,any,child,"Encourage the child partway through, noting they're doing this well.",12,"Ó dára! O ṣe dáadáa, keep it up! Ẹ̀kọ́ wa fẹ́rẹ̀ parí.","Ó dára! O ṣe dáadáa, [[keep it up]]! Ẹ̀kọ́ wa fẹ́rẹ̀ parí.","Warm and celebratory, with a quick motivational nudge to carry the child cheerfully into the second half of the session.",Keep- a teacher could say this as written,keep,,"Ó dára! O ṣe dáadáa, keep it up! Ẹ̀kọ́ wa fẹ́rẹ̀ parí.",approved,no,data/scaffolding/yo-en.csv
encourage-hard-item-001,yo-en,Yoruba,encouragement,paragraph,child,Encourage the child before a noticeably harder item.,12,"Ó dára! Ìbéèrè tó ń bọ̀ yìí le díẹ̀, ṣùgbọ́n mo gbádùn fún ọ!","Ó dára! Ìbéèrè tó ń bọ̀ yìí le díẹ̀, ṣùgbọ́n mo [[trust]] fún ọ!","Warm and upbeat, celebrating the child's effort so far while building confidence before a harder challenge — like a kind older sibling cheering them on.",reject- wrong word choice and omission,fix,"Ó dára! Ìbéèrè tó ń bẹ́rẹ̀ẹ̀ yìí le díẹ̀, ṣùgbọ́n mo ni [[trust]] fún ọ!","Ó dára! Ìbéèrè tó ń bẹ́rẹ̀ẹ̀ yìí le díẹ̀, ṣùgbọ́n mo ni [[trust]] fún ọ!",approved,no,data/scaffolding/yo-en.csv
encourage-after-break-001,yo-en,Yoruba,encouragement,any,child,Welcome the child back warmly after a pause in the session.,12,"Ẹ káàbọ̀ padà! Welcome back, jẹ́ ká tẹ̀síwájú papọ̀ nhẹ̀!","Ẹ káàbọ̀ padà! [[Welcome back]], jẹ́ ká tẹ̀síwájú papọ̀ nhẹ̀!","Warm and bright, like a teacher clapping hands gently to signal a happy fresh start — no pressure, just joy at the child returning.",reject-wrong word choice,fix,"Ẹ káàbọ̀ padà! [[Welcome back]], jẹ́ ká tẹ̀síwájú papọ̀ ","Ẹ káàbọ̀ padà! [[Welcome back]], jẹ́ ká tẹ̀síwájú papọ̀ ",approved,no,data/scaffolding/yo-en.csv
encourage-quiet-voice-001,yo-en,Yoruba,encouragement,any,child,"Gently ask the child to try speaking a little louder, encouragingly.",12,"Ẹ jẹ́ kí a gbọ́ ọ̀ ẹ! Sọ̀rọ̀ síi, speak up, ìwọ lè ṣe é!","Ẹ jẹ́ kí a gbọ́ ọ̀ ẹ! Sọ̀rọ̀ síi, [[speak up]], ìwọ lè ṣe é!","Warm and playful, never scolding — frame it as an exciting invitation so the child feels safe to try again louder.",reject-wrong word choice,fix,"Ẹ jẹ́ kí a gbọ́ o! Sọ̀rọ̀ síi, [[speak up]], ìwọ lè ṣe é!","Ẹ jẹ́ kí a gbọ́ o! Sọ̀rọ̀ síi, [[speak up]], ìwọ lè ṣe é!",approved,no,data/scaffolding/yo-en.csv
encourage-distraction-001,yo-en,Yoruba,encouragement,any,child,Gently bring the child's attention back without scolding.,12,"Ẹ wá, jẹ ká padà! Focus, ọmọ mi — a ń ṣe nǹkan tó dára!","Ẹ wá, jẹ ká padà! [[Focus]], ọmọ mi — a ń ṣe nǹkan tó dára!","Warm and coaxing, not scolding — like a favourite auntie gently calling the child back to a fun game.",Keep- a teacher could say this as written,keep,,"Ẹ wá, jẹ ká padà! Focus, ọmọ mi — a ń ṣe nǹkan tó dára!",approved,no,data/scaffolding/yo-en.csv
closing-session-complete-001,yo-en,Yoruba,closing,any,child,Close out a normal session and tell the child what happens next.,14,Ó dára! Good job lónìí. Ìwé kíkà wa máa ń bá a lọ lọ́la!,Ó dára! [[Good job]] lónìí. Ìwé kíkà wa máa ń bá a lọ lọ́la!,Warm and celebratory — end the session on a high note so the child looks forward to returning tomorrow.,reject -  wrong word choice and addition,fix,Ó dára! [[Good job]] lónìí. Ìwé kíkà  máa wa bá a lọ lọ́la!,Ó dára! [[Good job]] lónìí. Ìwé kíkà  máa wa bá a lọ lọ́la!,approved,no,data/scaffolding/yo-en.csv
closing-session-paused-001,yo-en,Yoruba,closing,any,child,Tell the child the session is being paused and can continue later.,12,"Dára, a ó tún padà wá. A lè tẹ̀síwájú lẹ́yìn náà, ọkàn mi!","[[Dára]], a ó tún padà wá. A lè tẹ̀síwájú lẹ́yìn náà, ọkàn mi!",Keep the tone reassuring and affectionate so the child feels no anxiety about stopping mid-session.,reject- wrong code-switching and addition,fix,"[[it is good]], a ó tún padà wá. A lè tẹ̀síwájú lẹ́yìn náà","[[it is good]], a ó tún padà wá. A lè tẹ̀síwájú lẹ́yìn náà",approved,no,data/scaffolding/yo-en.csv
closing-session-ended-early-001,yo-en,Yoruba,closing,any,child,Warmly end a session that's stopping earlier than planned.,14,"Ó dára, a máa padà wá ọjọ́ tó ń bọ̀. O ṣe àgbàdo, ọmọ mi!","Ó dára, a máa padà wá ọjọ́ tó ń bọ̀. [[O ṣe àgbàdo]], ọmọ mi!","Warm and reassuring, making the child feel accomplished rather than disappointed that the session ended early.",reject- wrong code-switching and addition,fix,"Ó dára, a máa padà wá ni ọjọ́ tó ń bọ̀. [[Thank you]], ọmọ mi!","Ó dára, a máa padà wá ni ọjọ́ tó ń bọ̀. [[Thank you]], ọmọ mi!",approved,no,data/scaffolding/yo-en.csv
closing-level-summary-001,yo-en,Yoruba,closing,any,child,"Briefly tell the child what level they're working at, in simple terms.",16,"Ìwọ ń ṣiṣẹ́ dáadáa! Ìpele rẹ jẹ́ level one, ó dára gan-an!","Ìwọ ń ṣiṣẹ́ dáadáa! Ìpele rẹ jẹ́ [[level one]], ó dára gan-an!","Keep the tone celebratory and affirming, so the child leaves the session feeling proud and motivated rather than assessed.",Keep- a teacher could say this as written,keep,,"Ìwọ ń ṣiṣẹ́ dáadáa! Ìpele rẹ jẹ́ level one, ó dára gan-an!",approved,no,data/scaffolding/yo-en.csv
closing-thank-you-001,yo-en,Yoruba,closing,any,child,"Thank the child for their effort today, warmly and briefly.",10,"Ẹ jẹ́ kí a dúpẹ́! O ṣe dára gan-an lónìí, well done!","Ẹ jẹ́ kí a dúpẹ́! O ṣe dára gan-an lónìí, [[well done]]!","Keep the tone celebratory and heartfelt, like a proud teacher giving a warm send-off to a young child after a good lesson.",Keep- a teacher could say this as written,keep,,"Ẹ jẹ́ kí a dúpẹ́! O ṣe dára gan-an lónìí, well done!",approved,no,data/scaffolding/yo-en.csv
closing-see-you-next-time-001,yo-en,Yoruba,closing,any,child,Tell the child when or how they'll practice again.,12,Ó dàárọ̀! A ó padà wá ṣe àdáwọlé wa lọ́jọ́ tó ń bọ̀. Ó dára!,Ó dàárọ̀! A ó padà wá ṣe àdáwọlé wa lọ́jọ́ tó ń bọ̀. [[Ó dára!]],Keep the farewell bright and reassuring so the child looks forward to the next session rather than feeling the lesson is simply over.,reject- wrong code-switching,fix,Ó dàárọ̀! A ó padà wá ṣe àdáwọlé wa lọ́jọ́ tó ń bọ̀. [[That is good]],Ó dàárọ̀! A ó padà wá ṣe àdáwọlé wa lọ́jọ́ tó ń bọ̀. [[That is good]],approved,no,data/scaffolding/yo-en.csv
repair-no-audio-001,yo-en,Yoruba,repair,any,child,Nothing was heard. Ask the child to try again.,8,"Hmm,미 mi ò gbọ́ ọ̀. Jọ̀wọ́ sọ lẹ́ẹ̀kan sí i!","Hmm, mi ò gbọ́ ọ̀. Jọ̀wọ́ sọ lẹ́ẹ̀kan sí i!","Warm and encouraging, reassuring the child there is no wrong answer — just try speaking again.",reject- wrong code-switching,fix,"[[Hmm]], mi ò gbọ́ ọ̀. Jọ̀wọ́ sọ lẹ́ẹ̀kan sí i!","[[Hmm]], mi ò gbọ́ ọ̀. Jọ̀wọ́ sọ lẹ́ẹ̀kan sí i!",approved,no,data/scaffolding/yo-en.csv
repair-too-quiet-001,yo-en,Yoruba,repair,any,child,Audio was too quiet. Ask the child to speak a little louder.,8,"Ẹ sọ lẹ́ẹ̀kan síi, sọ̀rọ̀ díẹ̀ louder!","Ẹ sọ lẹ́ẹ̀kan síi, sọ̀rọ̀ díẹ̀ [[louder]]!","Warm and encouraging, gently nudging the child to raise their voice without sounding scolding.",Keep- a teacher could say this as written,keep,,"Ẹ sọ lẹ́ẹ̀kan síi, sọ̀rọ̀ díẹ̀ louder!",approved,no,data/scaffolding/yo-en.csv
repair-background-noise-001,yo-en,Yoruba,repair,any,child,Too much background noise. Ask the child to move somewhere quieter or closer to the phone.,10,"Ẹ jọ̀ọ́, wá sún mọ́ fóònù, ariwo púpọ̀ wà!","Ẹ jọ̀ọ́, wá sún mọ́ [[fóònù]], ariwo púpọ̀ wà!","Warm and gently urgent, like a friendly nudge from a familiar adult, keeping the child at ease.",Keep- a teacher could say this as written,keep,,"Ẹ jọ̀ọ́, wá sún mọ́ fóònù, ariwo púpọ̀ wà!",approved,no,data/scaffolding/yo-en.csv
repair-unclear-answer-001,yo-en,Yoruba,repair,any,child,The answer was unclear. Ask the child to say it again.,8,"Ẹ jọ̀ọ́, sọ ìdáhùn rẹ mọ́ again.","Ẹ jọ̀ọ́, sọ ìdáhùn rẹ mọ́ [[again]].","Warm and gentle, inviting the child to simply repeat without any sense of failure or pressure.",reject- wrong word addition ,fix,"Ẹ jọ̀ọ́, sọ ìdáhùn rẹ  [[again]].","Ẹ jọ̀ọ́, sọ ìdáhùn rẹ  [[again]].",approved,no,data/scaffolding/yo-en.csv
repair-talked-over-001,yo-en,Yoruba,repair,any,child,The child spoke while the agent was still talking. Ask them to wait for the agent to finish before answering.,8,"Dúró díẹ̀, jẹ́ kí n parí àsọ mi!","Dúró díẹ̀, jẹ́ kí n parí àsọ mi!","Gently firm but warm, like a patient older sibling reminding a young child to take turns speaking.",reject - wrong tone marks,fix,"Dúró díẹ̀, jẹ́ kí n parí asọ mi!","Dúró díẹ̀, jẹ́ kí n parí asọ mi!",approved,no,data/scaffolding/yo-en.csv
repair-confirm-low-confidence-001,yo-en,Yoruba,repair,any,child,"Read a low-confidence answer back to the child to confirm it, instead of asking them to redo it.",12,"Ṣé o sọ pé ""cat""? Ìyẹn ni ohun tó gbọ́ dáadáa.","Ṣé o sọ pé [[""cat""]]? Ìyẹn ni ohun tó gbọ́ dáadáa.","Warm and gently checking, not correcting — uses a soft yes/no question to echo what was heard without making the child feel wrong.",Keep- a teacher could say this as written,keep,,"Ṣé o sọ pé ""cat""? Ìyẹn ni ohun tó gbọ́ dáadáa.",approved,no,data/scaffolding/yo-en.csv
escalate-call-facilitator-001,yo-en,Yoruba,escalation,any,facilitator,Alert the facilitator that repeated repair attempts have failed and their attention is needed now.,8,"Ẹ wọlé, ìgbìyànjú mẹ́ta ti kùnlẹ̀ lórí item yìí.","Ẹ wọlé, ìgbìyànjú mẹ́ta ti kùnlẹ̀ lórí [[item]] yìí.","Neutral and direct adult-to-adult operational tone, conveying urgency without alarm.",Keep- a teacher could say this as written,keep,,"Ẹ wọlé, ìgbìyànjú mẹ́ta ti kùnlẹ̀ lórí item yìí.",approved,no,data/scaffolding/yo-en.csv
escalate-technical-fault-001,yo-en,Yoruba,escalation,any,facilitator,"Report a technical fault to the facilitator in plain, factual terms.",12,Ìṣòro ẹ̀rọ wà. Session kò lè tẹ̀síwájú báyìí.,Ìṣòro ẹ̀rọ wà. [[Session]] kò lè tẹ̀síwájú báyìí.,"Neutral and factual, adult-to-adult operational register with no hedging or child-directed warmth.",Keep- a teacher could say this as written,keep,,Ìṣòro ẹ̀rọ wà. Session kò lè tẹ̀síwájú báyìí.,approved,no,data/scaffolding/yo-en.csv
escalate-distress-handover-001,yo-en,Yoruba,escalation,any,child,Gently acknowledge that the child seems upset and say help is coming right away -- never try to continue the session first.,10,"Ó dára, màá bínú. Ẹni tó lè ràn ọ́ lọ́wọ́ ń bọ̀ ní báyìí.","Ó dára, màá bínú. Ẹni tó lè ràn ọ́ lọ́wọ́ ń bọ̀ ní báyìí.","Soft and immediately reassuring, using simple Yoruba a young child knows instinctively, with no English switch needed here as the comfort words are most natural and warm in Yoruba alone.",reject - wrong tone marks and no code  switch,fix,"[[That is fine]], màá bínú. Ẹni tó lè ràn ọ́ lọ́wọ́ ń bọ̀ ní báyìí.","[[That is fine]], màá bínú. Ẹni tó lè ràn ọ́ lọ́wọ́ ń bọ̀ ní báyìí.",approved,no,data/scaffolding/yo-en.csv
escalate-helper-coming-001,yo-en,Yoruba,escalation,any,child,"Tell the child, simply and reassuringly, that a person is coming to help them now.",8,"Dúró, ènìyàn kan wá láti ràn ọ́ lọ́wọ́ now.","Dúró, ènìyàn kan wá láti ràn ọ́ lọ́wọ́ [[now]].","Warm and calm reassurance aimed at a young child in a mildly stressful moment, keeping the language simple and soothing.",Keep- a teacher could say this as written,keep,,"Dúró, ènìyàn kan wá láti ràn ọ́ lọ́wọ́ now.",approved,no,data/scaffolding/yo-en.csv
facilitator-confirm-level-001,yo-en,Yoruba,facilitator,any,facilitator,Ask the facilitator to confirm the assigned reading level before it takes effect.,12,Jẹ́ kí a jẹrìí: a ti yàn ipele reading level kẹta. Ẹ fọwọ́ sí i?,Jẹ́ kí a jẹrìí: a ti yàn ipele [[reading level]] kẹta. Ẹ fọwọ́ sí i?,"Neutral and procedural, addressed to an adult facilitator seeking a binary confirmation before a system action is recorded.",Keep- a teacher could say this as written,keep,,Jẹ́ kí a jẹrìí: a ti yàn ipele reading level kẹta. Ẹ fọwọ́ sí i?,approved,no,data/scaffolding/yo-en.csv
facilitator-session-summary-001,yo-en,Yoruba,facilitator,any,facilitator,Report a brief factual summary of the session's results to the facilitator.,16,"Ìjókòó yìí ti parí. Ọmọ náà pari ìdánwò mẹ́ta, ó ṣẹṣẹ kọ ọrọ mẹ́rin tuntun, score rẹ̀ jẹ́ ìdajì.","Ìjókòó yìí ti parí. Ọmọ náà pari ìdánwò mẹ́ta, ó ṣẹṣẹ kọ ọrọ mẹ́rin tuntun, [[score]] rẹ̀ jẹ́ ìdajì.","Neutral and factual, adult-to-adult operational tone with no celebratory framing.",reject - wrong tone marks,fix,"Ìjókòó yìí ti parí. Ọmọ náà pari ìdánwò mẹ́ta, ó ṣèṣè kọ ọrọ mẹ́rin tuntun, [[score]] rẹ̀ jẹ́ ìdajì.","Ìjókòó yìí ti parí. Ọmọ náà pari ìdánwò mẹ́ta, ó ṣèṣè kọ ọrọ mẹ́rin tuntun, [[score]] rẹ̀ jẹ́ ìdajì.",approved,no,data/scaffolding/yo-en.csv
facilitator-start-next-child-001,yo-en,Yoruba,facilitator,any,facilitator,Prompt the facilitator to begin the next child's session.,10,Ìpele yìí ti parí. Mú ọmọ tó kàn wá síbí.,Ìpele yìí ti parí. Mú ọmọ tó kàn wá síbí.,"Neutral and direct operational instruction addressed to the adult facilitator, with no child-directed warmth or enthusiasm.",Keep- a teacher could say this as written,keep,,Ìpele yìí ti parí. Mú ọmọ tó kàn wá síbí.,approved,no,data/scaffolding/yo-en.csv
facilitator-sync-warning-001,yo-en,Yoruba,facilitator,any,facilitator,Warn the facilitator that this session's recordings have not yet synced to the server.,12,"Ìgbàndè, àwọn gbàsilẹ̀ ìpínlẹ̀ yìí kò tíì sync sí server.","Ìgbàndè, àwọn gbàsilẹ̀ ìpínlẹ̀ yìí kò tíì [[sync]] sí [[server]].","Neutral and factual, adult-to-adult operational tone with no warmth framing.",reject- beyond repair,fix,Ohun tí agbàsílè sí ìpele yìí ko tìí sync sí server,Ohun tí agbàsílè sí ìpele yìí ko tìí sync sí server,approved,no,data/scaffolding/yo-en.csv
