item_id,tarl_level,item_type,text,difficulty_rank,selection_rationale,source,reviewed_by,review_status,notes
yo-ls-001,letter_syllable,syllable,ba,1,"Open CV syllable 'ba': 'b' is one of the most frequent onset consonants in Yoruba, opening common words across registers (bàbá, ilé...bú, bọ). Presented as a full consonant-vowel unit, not an isolated letter, since CV syllables (not bare consonants) are the meaningful tone-bearing unit in Yoruba -- see docs/INSTRUMENT-SPEC.md. Shown here at mid tone (unmarked) as the citation form; tone-marked variants are a separate pedagogical step not covered by this bare-syllable set.",Author-created; syllable-vs-letter and tone reasoning in docs/INSTRUMENT-SPEC.md 'Yoruba tone: not optional'.,TBD,draft,"No corpus frequency analysis was run for this item -- see docs/SOURCES.md 'No primary frequency analysis was performed'. Selection rests on general knowledge of the language's common consonants/vocabulary, not a textbook frequency count. Needs native-speaker sign-off before use. Vowel inventory includes the subdot phonemes ẹ and ọ, which are distinct phonemes from e/o, not typos -- confirm rendering is correct in the final recording script/UI font."
yo-ls-002,letter_syllable,syllable,be,2,"Open CV syllable 'be': 'b' is one of the most frequent onset consonants in Yoruba, opening common words across registers (bàbá, ilé...bú, bọ). Presented as a full consonant-vowel unit, not an isolated letter, since CV syllables (not bare consonants) are the meaningful tone-bearing unit in Yoruba -- see docs/INSTRUMENT-SPEC.md. Shown here at mid tone (unmarked) as the citation form; tone-marked variants are a separate pedagogical step not covered by this bare-syllable set.",Author-created; syllable-vs-letter and tone reasoning in docs/INSTRUMENT-SPEC.md 'Yoruba tone: not optional'.,TBD,draft,"No corpus frequency analysis was run for this item -- see docs/SOURCES.md 'No primary frequency analysis was performed'. Selection rests on general knowledge of the language's common consonants/vocabulary, not a textbook frequency count. Needs native-speaker sign-off before use. Vowel inventory includes the subdot phonemes ẹ and ọ, which are distinct phonemes from e/o, not typos -- confirm rendering is correct in the final recording script/UI font."
yo-ls-003,letter_syllable,syllable,bẹ,3,"Open CV syllable 'bẹ': 'b' is one of the most frequent onset consonants in Yoruba, opening common words across registers (bàbá, ilé...bú, bọ). Presented as a full consonant-vowel unit, not an isolated letter, since CV syllables (not bare consonants) are the meaningful tone-bearing unit in Yoruba -- see docs/INSTRUMENT-SPEC.md. Shown here at mid tone (unmarked) as the citation form; tone-marked variants are a separate pedagogical step not covered by this bare-syllable set.",Author-created; syllable-vs-letter and tone reasoning in docs/INSTRUMENT-SPEC.md 'Yoruba tone: not optional'.,TBD,draft,"No corpus frequency analysis was run for this item -- see docs/SOURCES.md 'No primary frequency analysis was performed'. Selection rests on general knowledge of the language's common consonants/vocabulary, not a textbook frequency count. Needs native-speaker sign-off before use. Vowel inventory includes the subdot phonemes ẹ and ọ, which are distinct phonemes from e/o, not typos -- confirm rendering is correct in the final recording script/UI font."
yo-ls-004,letter_syllable,syllable,bi,4,"Open CV syllable 'bi': 'b' is one of the most frequent onset consonants in Yoruba, opening common words across registers (bàbá, ilé...bú, bọ). Presented as a full consonant-vowel unit, not an isolated letter, since CV syllables (not bare consonants) are the meaningful tone-bearing unit in Yoruba -- see docs/INSTRUMENT-SPEC.md. Shown here at mid tone (unmarked) as the citation form; tone-marked variants are a separate pedagogical step not covered by this bare-syllable set.",Author-created; syllable-vs-letter and tone reasoning in docs/INSTRUMENT-SPEC.md 'Yoruba tone: not optional'.,TBD,draft,"No corpus frequency analysis was run for this item -- see docs/SOURCES.md 'No primary frequency analysis was performed'. Selection rests on general knowledge of the language's common consonants/vocabulary, not a textbook frequency count. Needs native-speaker sign-off before use. Vowel inventory includes the subdot phonemes ẹ and ọ, which are distinct phonemes from e/o, not typos -- confirm rendering is correct in the final recording script/UI font."
yo-ls-005,letter_syllable,syllable,bo,5,"Open CV syllable 'bo': 'b' is one of the most frequent onset consonants in Yoruba, opening common words across registers (bàbá, ilé...bú, bọ). Presented as a full consonant-vowel unit, not an isolated letter, since CV syllables (not bare consonants) are the meaningful tone-bearing unit in Yoruba -- see docs/INSTRUMENT-SPEC.md. Shown here at mid tone (unmarked) as the citation form; tone-marked variants are a separate pedagogical step not covered by this bare-syllable set.",Author-created; syllable-vs-letter and tone reasoning in docs/INSTRUMENT-SPEC.md 'Yoruba tone: not optional'.,TBD,draft,"No corpus frequency analysis was run for this item -- see docs/SOURCES.md 'No primary frequency analysis was performed'. Selection rests on general knowledge of the language's common consonants/vocabulary, not a textbook frequency count. Needs native-speaker sign-off before use. Vowel inventory includes the subdot phonemes ẹ and ọ, which are distinct phonemes from e/o, not typos -- confirm rendering is correct in the final recording script/UI font."
yo-ls-006,letter_syllable,syllable,bọ,6,"Open CV syllable 'bọ': 'b' is one of the most frequent onset consonants in Yoruba, opening common words across registers (bàbá, ilé...bú, bọ). Presented as a full consonant-vowel unit, not an isolated letter, since CV syllables (not bare consonants) are the meaningful tone-bearing unit in Yoruba -- see docs/INSTRUMENT-SPEC.md. Shown here at mid tone (unmarked) as the citation form; tone-marked variants are a separate pedagogical step not covered by this bare-syllable set.",Author-created; syllable-vs-letter and tone reasoning in docs/INSTRUMENT-SPEC.md 'Yoruba tone: not optional'.,TBD,draft,"No corpus frequency analysis was run for this item -- see docs/SOURCES.md 'No primary frequency analysis was performed'. Selection rests on general knowledge of the language's common consonants/vocabulary, not a textbook frequency count. Needs native-speaker sign-off before use. Vowel inventory includes the subdot phonemes ẹ and ọ, which are distinct phonemes from e/o, not typos -- confirm rendering is correct in the final recording script/UI font."
yo-ls-007,letter_syllable,syllable,bu,7,"Open CV syllable 'bu': 'b' is one of the most frequent onset consonants in Yoruba, opening common words across registers (bàbá, ilé...bú, bọ). Presented as a full consonant-vowel unit, not an isolated letter, since CV syllables (not bare consonants) are the meaningful tone-bearing unit in Yoruba -- see docs/INSTRUMENT-SPEC.md. Shown here at mid tone (unmarked) as the citation form; tone-marked variants are a separate pedagogical step not covered by this bare-syllable set.",Author-created; syllable-vs-letter and tone reasoning in docs/INSTRUMENT-SPEC.md 'Yoruba tone: not optional'.,TBD,draft,"No corpus frequency analysis was run for this item -- see docs/SOURCES.md 'No primary frequency analysis was performed'. Selection rests on general knowledge of the language's common consonants/vocabulary, not a textbook frequency count. Needs native-speaker sign-off before use. Vowel inventory includes the subdot phonemes ẹ and ọ, which are distinct phonemes from e/o, not typos -- confirm rendering is correct in the final recording script/UI font."
yo-ls-008,letter_syllable,syllable,ma,8,"Open CV syllable 'ma': 'm' is extremely frequent, including as a syllabic nasal on its own and in everyday words (mi, mo, màmá). Presented as a full consonant-vowel unit, not an isolated letter, since CV syllables (not bare consonants) are the meaningful tone-bearing unit in Yoruba -- see docs/INSTRUMENT-SPEC.md. Shown here at mid tone (unmarked) as the citation form; tone-marked variants are a separate pedagogical step not covered by this bare-syllable set.",Author-created; syllable-vs-letter and tone reasoning in docs/INSTRUMENT-SPEC.md 'Yoruba tone: not optional'.,TBD,draft,"No corpus frequency analysis was run for this item -- see docs/SOURCES.md 'No primary frequency analysis was performed'. Selection rests on general knowledge of the language's common consonants/vocabulary, not a textbook frequency count. Needs native-speaker sign-off before use. Vowel inventory includes the subdot phonemes ẹ and ọ, which are distinct phonemes from e/o, not typos -- confirm rendering is correct in the final recording script/UI font."
yo-ls-009,letter_syllable,syllable,me,9,"Open CV syllable 'me': 'm' is extremely frequent, including as a syllabic nasal on its own and in everyday words (mi, mo, màmá). Presented as a full consonant-vowel unit, not an isolated letter, since CV syllables (not bare consonants) are the meaningful tone-bearing unit in Yoruba -- see docs/INSTRUMENT-SPEC.md. Shown here at mid tone (unmarked) as the citation form; tone-marked variants are a separate pedagogical step not covered by this bare-syllable set.",Author-created; syllable-vs-letter and tone reasoning in docs/INSTRUMENT-SPEC.md 'Yoruba tone: not optional'.,TBD,draft,"No corpus frequency analysis was run for this item -- see docs/SOURCES.md 'No primary frequency analysis was performed'. Selection rests on general knowledge of the language's common consonants/vocabulary, not a textbook frequency count. Needs native-speaker sign-off before use. Vowel inventory includes the subdot phonemes ẹ and ọ, which are distinct phonemes from e/o, not typos -- confirm rendering is correct in the final recording script/UI font."
yo-ls-010,letter_syllable,syllable,mẹ,10,"Open CV syllable 'mẹ': 'm' is extremely frequent, including as a syllabic nasal on its own and in everyday words (mi, mo, màmá). Presented as a full consonant-vowel unit, not an isolated letter, since CV syllables (not bare consonants) are the meaningful tone-bearing unit in Yoruba -- see docs/INSTRUMENT-SPEC.md. Shown here at mid tone (unmarked) as the citation form; tone-marked variants are a separate pedagogical step not covered by this bare-syllable set.",Author-created; syllable-vs-letter and tone reasoning in docs/INSTRUMENT-SPEC.md 'Yoruba tone: not optional'.,TBD,draft,"No corpus frequency analysis was run for this item -- see docs/SOURCES.md 'No primary frequency analysis was performed'. Selection rests on general knowledge of the language's common consonants/vocabulary, not a textbook frequency count. Needs native-speaker sign-off before use. Vowel inventory includes the subdot phonemes ẹ and ọ, which are distinct phonemes from e/o, not typos -- confirm rendering is correct in the final recording script/UI font."
yo-ls-011,letter_syllable,syllable,mi,11,"Open CV syllable 'mi': 'm' is extremely frequent, including as a syllabic nasal on its own and in everyday words (mi, mo, màmá). Presented as a full consonant-vowel unit, not an isolated letter, since CV syllables (not bare consonants) are the meaningful tone-bearing unit in Yoruba -- see docs/INSTRUMENT-SPEC.md. Shown here at mid tone (unmarked) as the citation form; tone-marked variants are a separate pedagogical step not covered by this bare-syllable set.",Author-created; syllable-vs-letter and tone reasoning in docs/INSTRUMENT-SPEC.md 'Yoruba tone: not optional'.,TBD,draft,"No corpus frequency analysis was run for this item -- see docs/SOURCES.md 'No primary frequency analysis was performed'. Selection rests on general knowledge of the language's common consonants/vocabulary, not a textbook frequency count. Needs native-speaker sign-off before use. Vowel inventory includes the subdot phonemes ẹ and ọ, which are distinct phonemes from e/o, not typos -- confirm rendering is correct in the final recording script/UI font."
yo-ls-012,letter_syllable,syllable,mo,12,"Open CV syllable 'mo': 'm' is extremely frequent, including as a syllabic nasal on its own and in everyday words (mi, mo, màmá). Presented as a full consonant-vowel unit, not an isolated letter, since CV syllables (not bare consonants) are the meaningful tone-bearing unit in Yoruba -- see docs/INSTRUMENT-SPEC.md. Shown here at mid tone (unmarked) as the citation form; tone-marked variants are a separate pedagogical step not covered by this bare-syllable set.",Author-created; syllable-vs-letter and tone reasoning in docs/INSTRUMENT-SPEC.md 'Yoruba tone: not optional'.,TBD,draft,"No corpus frequency analysis was run for this item -- see docs/SOURCES.md 'No primary frequency analysis was performed'. Selection rests on general knowledge of the language's common consonants/vocabulary, not a textbook frequency count. Needs native-speaker sign-off before use. Vowel inventory includes the subdot phonemes ẹ and ọ, which are distinct phonemes from e/o, not typos -- confirm rendering is correct in the final recording script/UI font."
yo-ls-013,letter_syllable,syllable,mọ,13,"Open CV syllable 'mọ': 'm' is extremely frequent, including as a syllabic nasal on its own and in everyday words (mi, mo, màmá). Presented as a full consonant-vowel unit, not an isolated letter, since CV syllables (not bare consonants) are the meaningful tone-bearing unit in Yoruba -- see docs/INSTRUMENT-SPEC.md. Shown here at mid tone (unmarked) as the citation form; tone-marked variants are a separate pedagogical step not covered by this bare-syllable set.",Author-created; syllable-vs-letter and tone reasoning in docs/INSTRUMENT-SPEC.md 'Yoruba tone: not optional'.,TBD,draft,"No corpus frequency analysis was run for this item -- see docs/SOURCES.md 'No primary frequency analysis was performed'. Selection rests on general knowledge of the language's common consonants/vocabulary, not a textbook frequency count. Needs native-speaker sign-off before use. Vowel inventory includes the subdot phonemes ẹ and ọ, which are distinct phonemes from e/o, not typos -- confirm rendering is correct in the final recording script/UI font."
yo-ls-014,letter_syllable,syllable,mu,14,"Open CV syllable 'mu': 'm' is extremely frequent, including as a syllabic nasal on its own and in everyday words (mi, mo, màmá). Presented as a full consonant-vowel unit, not an isolated letter, since CV syllables (not bare consonants) are the meaningful tone-bearing unit in Yoruba -- see docs/INSTRUMENT-SPEC.md. Shown here at mid tone (unmarked) as the citation form; tone-marked variants are a separate pedagogical step not covered by this bare-syllable set.",Author-created; syllable-vs-letter and tone reasoning in docs/INSTRUMENT-SPEC.md 'Yoruba tone: not optional'.,TBD,draft,"No corpus frequency analysis was run for this item -- see docs/SOURCES.md 'No primary frequency analysis was performed'. Selection rests on general knowledge of the language's common consonants/vocabulary, not a textbook frequency count. Needs native-speaker sign-off before use. Vowel inventory includes the subdot phonemes ẹ and ọ, which are distinct phonemes from e/o, not typos -- confirm rendering is correct in the final recording script/UI font."
yo-ls-015,letter_syllable,syllable,na,15,"Open CV syllable 'na': 'n' is extremely frequent, including as a syllabic nasal and in everyday words (ni, náà, ìwé...ǹ). Presented as a full consonant-vowel unit, not an isolated letter, since CV syllables (not bare consonants) are the meaningful tone-bearing unit in Yoruba -- see docs/INSTRUMENT-SPEC.md. Shown here at mid tone (unmarked) as the citation form; tone-marked variants are a separate pedagogical step not covered by this bare-syllable set.",Author-created; syllable-vs-letter and tone reasoning in docs/INSTRUMENT-SPEC.md 'Yoruba tone: not optional'.,TBD,draft,"No corpus frequency analysis was run for this item -- see docs/SOURCES.md 'No primary frequency analysis was performed'. Selection rests on general knowledge of the language's common consonants/vocabulary, not a textbook frequency count. Needs native-speaker sign-off before use. Vowel inventory includes the subdot phonemes ẹ and ọ, which are distinct phonemes from e/o, not typos -- confirm rendering is correct in the final recording script/UI font."
yo-ls-016,letter_syllable,syllable,ne,16,"Open CV syllable 'ne': 'n' is extremely frequent, including as a syllabic nasal and in everyday words (ni, náà, ìwé...ǹ). Presented as a full consonant-vowel unit, not an isolated letter, since CV syllables (not bare consonants) are the meaningful tone-bearing unit in Yoruba -- see docs/INSTRUMENT-SPEC.md. Shown here at mid tone (unmarked) as the citation form; tone-marked variants are a separate pedagogical step not covered by this bare-syllable set.",Author-created; syllable-vs-letter and tone reasoning in docs/INSTRUMENT-SPEC.md 'Yoruba tone: not optional'.,TBD,draft,"No corpus frequency analysis was run for this item -- see docs/SOURCES.md 'No primary frequency analysis was performed'. Selection rests on general knowledge of the language's common consonants/vocabulary, not a textbook frequency count. Needs native-speaker sign-off before use. Vowel inventory includes the subdot phonemes ẹ and ọ, which are distinct phonemes from e/o, not typos -- confirm rendering is correct in the final recording script/UI font."
yo-ls-017,letter_syllable,syllable,nẹ,17,"Open CV syllable 'nẹ': 'n' is extremely frequent, including as a syllabic nasal and in everyday words (ni, náà, ìwé...ǹ). Presented as a full consonant-vowel unit, not an isolated letter, since CV syllables (not bare consonants) are the meaningful tone-bearing unit in Yoruba -- see docs/INSTRUMENT-SPEC.md. Shown here at mid tone (unmarked) as the citation form; tone-marked variants are a separate pedagogical step not covered by this bare-syllable set.",Author-created; syllable-vs-letter and tone reasoning in docs/INSTRUMENT-SPEC.md 'Yoruba tone: not optional'.,TBD,draft,"No corpus frequency analysis was run for this item -- see docs/SOURCES.md 'No primary frequency analysis was performed'. Selection rests on general knowledge of the language's common consonants/vocabulary, not a textbook frequency count. Needs native-speaker sign-off before use. Vowel inventory includes the subdot phonemes ẹ and ọ, which are distinct phonemes from e/o, not typos -- confirm rendering is correct in the final recording script/UI font."
yo-ls-018,letter_syllable,syllable,ni,18,"Open CV syllable 'ni': 'n' is extremely frequent, including as a syllabic nasal and in everyday words (ni, náà, ìwé...ǹ). Presented as a full consonant-vowel unit, not an isolated letter, since CV syllables (not bare consonants) are the meaningful tone-bearing unit in Yoruba -- see docs/INSTRUMENT-SPEC.md. Shown here at mid tone (unmarked) as the citation form; tone-marked variants are a separate pedagogical step not covered by this bare-syllable set.",Author-created; syllable-vs-letter and tone reasoning in docs/INSTRUMENT-SPEC.md 'Yoruba tone: not optional'.,TBD,draft,"No corpus frequency analysis was run for this item -- see docs/SOURCES.md 'No primary frequency analysis was performed'. Selection rests on general knowledge of the language's common consonants/vocabulary, not a textbook frequency count. Needs native-speaker sign-off before use. Vowel inventory includes the subdot phonemes ẹ and ọ, which are distinct phonemes from e/o, not typos -- confirm rendering is correct in the final recording script/UI font."
yo-ls-019,letter_syllable,syllable,no,19,"Open CV syllable 'no': 'n' is extremely frequent, including as a syllabic nasal and in everyday words (ni, náà, ìwé...ǹ). Presented as a full consonant-vowel unit, not an isolated letter, since CV syllables (not bare consonants) are the meaningful tone-bearing unit in Yoruba -- see docs/INSTRUMENT-SPEC.md. Shown here at mid tone (unmarked) as the citation form; tone-marked variants are a separate pedagogical step not covered by this bare-syllable set.",Author-created; syllable-vs-letter and tone reasoning in docs/INSTRUMENT-SPEC.md 'Yoruba tone: not optional'.,TBD,draft,"No corpus frequency analysis was run for this item -- see docs/SOURCES.md 'No primary frequency analysis was performed'. Selection rests on general knowledge of the language's common consonants/vocabulary, not a textbook frequency count. Needs native-speaker sign-off before use. Vowel inventory includes the subdot phonemes ẹ and ọ, which are distinct phonemes from e/o, not typos -- confirm rendering is correct in the final recording script/UI font."
yo-ls-020,letter_syllable,syllable,nọ,20,"Open CV syllable 'nọ': 'n' is extremely frequent, including as a syllabic nasal and in everyday words (ni, náà, ìwé...ǹ). Presented as a full consonant-vowel unit, not an isolated letter, since CV syllables (not bare consonants) are the meaningful tone-bearing unit in Yoruba -- see docs/INSTRUMENT-SPEC.md. Shown here at mid tone (unmarked) as the citation form; tone-marked variants are a separate pedagogical step not covered by this bare-syllable set.",Author-created; syllable-vs-letter and tone reasoning in docs/INSTRUMENT-SPEC.md 'Yoruba tone: not optional'.,TBD,draft,"No corpus frequency analysis was run for this item -- see docs/SOURCES.md 'No primary frequency analysis was performed'. Selection rests on general knowledge of the language's common consonants/vocabulary, not a textbook frequency count. Needs native-speaker sign-off before use. Vowel inventory includes the subdot phonemes ẹ and ọ, which are distinct phonemes from e/o, not typos -- confirm rendering is correct in the final recording script/UI font."
yo-ls-021,letter_syllable,syllable,nu,21,"Open CV syllable 'nu': 'n' is extremely frequent, including as a syllabic nasal and in everyday words (ni, náà, ìwé...ǹ). Presented as a full consonant-vowel unit, not an isolated letter, since CV syllables (not bare consonants) are the meaningful tone-bearing unit in Yoruba -- see docs/INSTRUMENT-SPEC.md. Shown here at mid tone (unmarked) as the citation form; tone-marked variants are a separate pedagogical step not covered by this bare-syllable set.",Author-created; syllable-vs-letter and tone reasoning in docs/INSTRUMENT-SPEC.md 'Yoruba tone: not optional'.,TBD,draft,"No corpus frequency analysis was run for this item -- see docs/SOURCES.md 'No primary frequency analysis was performed'. Selection rests on general knowledge of the language's common consonants/vocabulary, not a textbook frequency count. Needs native-speaker sign-off before use. Vowel inventory includes the subdot phonemes ẹ and ọ, which are distinct phonemes from e/o, not typos -- confirm rendering is correct in the final recording script/UI font."
yo-ls-022,letter_syllable,syllable,la,22,"Open CV syllable 'la': 'l' is a common consonant across everyday vocabulary (ilé, olú, kíni) without being restricted to a small word class. Presented as a full consonant-vowel unit, not an isolated letter, since CV syllables (not bare consonants) are the meaningful tone-bearing unit in Yoruba -- see docs/INSTRUMENT-SPEC.md. Shown here at mid tone (unmarked) as the citation form; tone-marked variants are a separate pedagogical step not covered by this bare-syllable set.",Author-created; syllable-vs-letter and tone reasoning in docs/INSTRUMENT-SPEC.md 'Yoruba tone: not optional'.,TBD,draft,"No corpus frequency analysis was run for this item -- see docs/SOURCES.md 'No primary frequency analysis was performed'. Selection rests on general knowledge of the language's common consonants/vocabulary, not a textbook frequency count. Needs native-speaker sign-off before use. Vowel inventory includes the subdot phonemes ẹ and ọ, which are distinct phonemes from e/o, not typos -- confirm rendering is correct in the final recording script/UI font."
yo-ls-023,letter_syllable,syllable,le,23,"Open CV syllable 'le': 'l' is a common consonant across everyday vocabulary (ilé, olú, kíni) without being restricted to a small word class. Presented as a full consonant-vowel unit, not an isolated letter, since CV syllables (not bare consonants) are the meaningful tone-bearing unit in Yoruba -- see docs/INSTRUMENT-SPEC.md. Shown here at mid tone (unmarked) as the citation form; tone-marked variants are a separate pedagogical step not covered by this bare-syllable set.",Author-created; syllable-vs-letter and tone reasoning in docs/INSTRUMENT-SPEC.md 'Yoruba tone: not optional'.,TBD,draft,"No corpus frequency analysis was run for this item -- see docs/SOURCES.md 'No primary frequency analysis was performed'. Selection rests on general knowledge of the language's common consonants/vocabulary, not a textbook frequency count. Needs native-speaker sign-off before use. Vowel inventory includes the subdot phonemes ẹ and ọ, which are distinct phonemes from e/o, not typos -- confirm rendering is correct in the final recording script/UI font."
yo-ls-024,letter_syllable,syllable,lẹ,24,"Open CV syllable 'lẹ': 'l' is a common consonant across everyday vocabulary (ilé, olú, kíni) without being restricted to a small word class. Presented as a full consonant-vowel unit, not an isolated letter, since CV syllables (not bare consonants) are the meaningful tone-bearing unit in Yoruba -- see docs/INSTRUMENT-SPEC.md. Shown here at mid tone (unmarked) as the citation form; tone-marked variants are a separate pedagogical step not covered by this bare-syllable set.",Author-created; syllable-vs-letter and tone reasoning in docs/INSTRUMENT-SPEC.md 'Yoruba tone: not optional'.,TBD,draft,"No corpus frequency analysis was run for this item -- see docs/SOURCES.md 'No primary frequency analysis was performed'. Selection rests on general knowledge of the language's common consonants/vocabulary, not a textbook frequency count. Needs native-speaker sign-off before use. Vowel inventory includes the subdot phonemes ẹ and ọ, which are distinct phonemes from e/o, not typos -- confirm rendering is correct in the final recording script/UI font."
yo-ls-025,letter_syllable,syllable,li,25,"Open CV syllable 'li': 'l' is a common consonant across everyday vocabulary (ilé, olú, kíni) without being restricted to a small word class. Presented as a full consonant-vowel unit, not an isolated letter, since CV syllables (not bare consonants) are the meaningful tone-bearing unit in Yoruba -- see docs/INSTRUMENT-SPEC.md. Shown here at mid tone (unmarked) as the citation form; tone-marked variants are a separate pedagogical step not covered by this bare-syllable set.",Author-created; syllable-vs-letter and tone reasoning in docs/INSTRUMENT-SPEC.md 'Yoruba tone: not optional'.,TBD,draft,"No corpus frequency analysis was run for this item -- see docs/SOURCES.md 'No primary frequency analysis was performed'. Selection rests on general knowledge of the language's common consonants/vocabulary, not a textbook frequency count. Needs native-speaker sign-off before use. Vowel inventory includes the subdot phonemes ẹ and ọ, which are distinct phonemes from e/o, not typos -- confirm rendering is correct in the final recording script/UI font."
yo-ls-026,letter_syllable,syllable,lo,26,"Open CV syllable 'lo': 'l' is a common consonant across everyday vocabulary (ilé, olú, kíni) without being restricted to a small word class. Presented as a full consonant-vowel unit, not an isolated letter, since CV syllables (not bare consonants) are the meaningful tone-bearing unit in Yoruba -- see docs/INSTRUMENT-SPEC.md. Shown here at mid tone (unmarked) as the citation form; tone-marked variants are a separate pedagogical step not covered by this bare-syllable set.",Author-created; syllable-vs-letter and tone reasoning in docs/INSTRUMENT-SPEC.md 'Yoruba tone: not optional'.,TBD,draft,"No corpus frequency analysis was run for this item -- see docs/SOURCES.md 'No primary frequency analysis was performed'. Selection rests on general knowledge of the language's common consonants/vocabulary, not a textbook frequency count. Needs native-speaker sign-off before use. Vowel inventory includes the subdot phonemes ẹ and ọ, which are distinct phonemes from e/o, not typos -- confirm rendering is correct in the final recording script/UI font."
yo-ls-027,letter_syllable,syllable,lọ,27,"Open CV syllable 'lọ': 'l' is a common consonant across everyday vocabulary (ilé, olú, kíni) without being restricted to a small word class. Presented as a full consonant-vowel unit, not an isolated letter, since CV syllables (not bare consonants) are the meaningful tone-bearing unit in Yoruba -- see docs/INSTRUMENT-SPEC.md. Shown here at mid tone (unmarked) as the citation form; tone-marked variants are a separate pedagogical step not covered by this bare-syllable set.",Author-created; syllable-vs-letter and tone reasoning in docs/INSTRUMENT-SPEC.md 'Yoruba tone: not optional'.,TBD,draft,"No corpus frequency analysis was run for this item -- see docs/SOURCES.md 'No primary frequency analysis was performed'. Selection rests on general knowledge of the language's common consonants/vocabulary, not a textbook frequency count. Needs native-speaker sign-off before use. Vowel inventory includes the subdot phonemes ẹ and ọ, which are distinct phonemes from e/o, not typos -- confirm rendering is correct in the final recording script/UI font."
yo-ls-028,letter_syllable,syllable,lu,28,"Open CV syllable 'lu': 'l' is a common consonant across everyday vocabulary (ilé, olú, kíni) without being restricted to a small word class. Presented as a full consonant-vowel unit, not an isolated letter, since CV syllables (not bare consonants) are the meaningful tone-bearing unit in Yoruba -- see docs/INSTRUMENT-SPEC.md. Shown here at mid tone (unmarked) as the citation form; tone-marked variants are a separate pedagogical step not covered by this bare-syllable set.",Author-created; syllable-vs-letter and tone reasoning in docs/INSTRUMENT-SPEC.md 'Yoruba tone: not optional'.,TBD,draft,"No corpus frequency analysis was run for this item -- see docs/SOURCES.md 'No primary frequency analysis was performed'. Selection rests on general knowledge of the language's common consonants/vocabulary, not a textbook frequency count. Needs native-speaker sign-off before use. Vowel inventory includes the subdot phonemes ẹ and ọ, which are distinct phonemes from e/o, not typos -- confirm rendering is correct in the final recording script/UI font."
yo-ls-029,letter_syllable,syllable,ka,29,"Open CV syllable 'ka': 'k' is a high-frequency onset consonant in Yoruba (kí, kó, ìkàwé); included at mid tone (unmarked) as the citation form, paired with b/m/n/l for a 6th-consonant comparison point in the set.",Author-created; syllable-vs-letter and tone reasoning in docs/INSTRUMENT-SPEC.md 'Yoruba tone: not optional'.,TBD,draft,"No corpus frequency analysis was run for this item -- see docs/SOURCES.md 'No primary frequency analysis was performed'. Selection rests on general knowledge of the language's common consonants/vocabulary, not a textbook frequency count. Needs native-speaker sign-off before use."
yo-ls-030,letter_syllable,syllable,ki,30,"Open CV syllable 'ki': 'k' is a high-frequency onset consonant in Yoruba (kí, kó, ìkàwé); included at mid tone (unmarked) as the citation form, paired with b/m/n/l for a 6th-consonant comparison point in the set.",Author-created; syllable-vs-letter and tone reasoning in docs/INSTRUMENT-SPEC.md 'Yoruba tone: not optional'.,TBD,draft,"No corpus frequency analysis was run for this item -- see docs/SOURCES.md 'No primary frequency analysis was performed'. Selection rests on general knowledge of the language's common consonants/vocabulary, not a textbook frequency count. Needs native-speaker sign-off before use."
yo-w-001,word,word,ilé,1,"High-frequency concrete noun, high tone on second syllable; one of the first nouns a child learns. (house).","Author-created; general knowledge of common Yoruba child vocabulary, cross-checked against standard tone-marking conventions where the author had confidence in them.",TBD,draft,"No corpus frequency analysis was run for this item -- see docs/SOURCES.md 'No primary frequency analysis was performed'. Selection rests on general knowledge of the language's common consonants/vocabulary, not a textbook frequency count. Needs native-speaker sign-off before use. IMPORTANT: unlike the Swahili word list, several of these items' tone markings are genuinely uncertain (flagged individually above) because Yoruba tone requires native-speaker judgment the author does not have -- treat every row in this word list as needing tone verification, not just the ones individually flagged."
yo-w-002,word,word,omi,2,"Universally familiar, daily-life word; both syllables mid tone (unmarked). (water).","Author-created; general knowledge of common Yoruba child vocabulary, cross-checked against standard tone-marking conventions where the author had confidence in them.",TBD,draft,"No corpus frequency analysis was run for this item -- see docs/SOURCES.md 'No primary frequency analysis was performed'. Selection rests on general knowledge of the language's common consonants/vocabulary, not a textbook frequency count. Needs native-speaker sign-off before use. IMPORTANT: unlike the Swahili word list, several of these items' tone markings are genuinely uncertain (flagged individually above) because Yoruba tone requires native-speaker judgment the author does not have -- treat every row in this word list as needing tone verification, not just the ones individually flagged."
yo-w-003,word,word,ajá,3,"Common domestic animal, high tone on second syllable. (dog).","Author-created; general knowledge of common Yoruba child vocabulary, cross-checked against standard tone-marking conventions where the author had confidence in them.",TBD,draft,"No corpus frequency analysis was run for this item -- see docs/SOURCES.md 'No primary frequency analysis was performed'. Selection rests on general knowledge of the language's common consonants/vocabulary, not a textbook frequency count. Needs native-speaker sign-off before use. IMPORTANT: unlike the Swahili word list, several of these items' tone markings are genuinely uncertain (flagged individually above) because Yoruba tone requires native-speaker judgment the author does not have -- treat every row in this word list as needing tone verification, not just the ones individually flagged."
yo-w-004,word,word,ẹja,4,"Common food word; introduces the subdot vowel ẹ, both syllables mid tone. (fish).","Author-created; general knowledge of common Yoruba child vocabulary, cross-checked against standard tone-marking conventions where the author had confidence in them.",TBD,draft,"No corpus frequency analysis was run for this item -- see docs/SOURCES.md 'No primary frequency analysis was performed'. Selection rests on general knowledge of the language's common consonants/vocabulary, not a textbook frequency count. Needs native-speaker sign-off before use. IMPORTANT: unlike the Swahili word list, several of these items' tone markings are genuinely uncertain (flagged individually above) because Yoruba tone requires native-speaker judgment the author does not have -- treat every row in this word list as needing tone verification, not just the ones individually flagged."
yo-w-005,word,word,igi,5,"High-frequency concrete environmental noun, both syllables mid tone. (tree).","Author-created; general knowledge of common Yoruba child vocabulary, cross-checked against standard tone-marking conventions where the author had confidence in them.",TBD,draft,"No corpus frequency analysis was run for this item -- see docs/SOURCES.md 'No primary frequency analysis was performed'. Selection rests on general knowledge of the language's common consonants/vocabulary, not a textbook frequency count. Needs native-speaker sign-off before use. IMPORTANT: unlike the Swahili word list, several of these items' tone markings are genuinely uncertain (flagged individually above) because Yoruba tone requires native-speaker judgment the author does not have -- treat every row in this word list as needing tone verification, not just the ones individually flagged."
yo-w-006,word,word,orí,6,"Core body-part vocabulary, high tone on second syllable. (head).","Author-created; general knowledge of common Yoruba child vocabulary, cross-checked against standard tone-marking conventions where the author had confidence in them.",TBD,draft,"No corpus frequency analysis was run for this item -- see docs/SOURCES.md 'No primary frequency analysis was performed'. Selection rests on general knowledge of the language's common consonants/vocabulary, not a textbook frequency count. Needs native-speaker sign-off before use. IMPORTANT: unlike the Swahili word list, several of these items' tone markings are genuinely uncertain (flagged individually above) because Yoruba tone requires native-speaker judgment the author does not have -- treat every row in this word list as needing tone verification, not just the ones individually flagged."
yo-w-007,word,word,ojú,7,"Core body-part vocabulary, high tone on second syllable. (eye).","Author-created; general knowledge of common Yoruba child vocabulary, cross-checked against standard tone-marking conventions where the author had confidence in them.",TBD,draft,"No corpus frequency analysis was run for this item -- see docs/SOURCES.md 'No primary frequency analysis was performed'. Selection rests on general knowledge of the language's common consonants/vocabulary, not a textbook frequency count. Needs native-speaker sign-off before use. IMPORTANT: unlike the Swahili word list, several of these items' tone markings are genuinely uncertain (flagged individually above) because Yoruba tone requires native-speaker judgment the author does not have -- treat every row in this word list as needing tone verification, not just the ones individually flagged."
yo-w-008,word,word,etí,8,"Core body-part vocabulary, high tone on second syllable. (ear).","Author-created; general knowledge of common Yoruba child vocabulary, cross-checked against standard tone-marking conventions where the author had confidence in them.",TBD,draft,"No corpus frequency analysis was run for this item -- see docs/SOURCES.md 'No primary frequency analysis was performed'. Selection rests on general knowledge of the language's common consonants/vocabulary, not a textbook frequency count. Needs native-speaker sign-off before use. IMPORTANT: unlike the Swahili word list, several of these items' tone markings are genuinely uncertain (flagged individually above) because Yoruba tone requires native-speaker judgment the author does not have -- treat every row in this word list as needing tone verification, not just the ones individually flagged."
yo-w-009,word,word,imú,9,"Core body-part vocabulary, high tone on second syllable. (nose).","Author-created; general knowledge of common Yoruba child vocabulary, cross-checked against standard tone-marking conventions where the author had confidence in them.",TBD,draft,"No corpus frequency analysis was run for this item -- see docs/SOURCES.md 'No primary frequency analysis was performed'. Selection rests on general knowledge of the language's common consonants/vocabulary, not a textbook frequency count. Needs native-speaker sign-off before use. IMPORTANT: unlike the Swahili word list, several of these items' tone markings are genuinely uncertain (flagged individually above) because Yoruba tone requires native-speaker judgment the author does not have -- treat every row in this word list as needing tone verification, not just the ones individually flagged."
yo-w-010,word,word,ẹnu,10,"Core body-part vocabulary; introduces the subdot vowel ẹ, both syllables mid tone. (mouth).","Author-created; general knowledge of common Yoruba child vocabulary, cross-checked against standard tone-marking conventions where the author had confidence in them.",TBD,draft,"No corpus frequency analysis was run for this item -- see docs/SOURCES.md 'No primary frequency analysis was performed'. Selection rests on general knowledge of the language's common consonants/vocabulary, not a textbook frequency count. Needs native-speaker sign-off before use. IMPORTANT: unlike the Swahili word list, several of these items' tone markings are genuinely uncertain (flagged individually above) because Yoruba tone requires native-speaker judgment the author does not have -- treat every row in this word list as needing tone verification, not just the ones individually flagged."
yo-w-011,word,word,ọwọ́,11,"Core body-part vocabulary; introduces the subdot vowel ọ, high tone on second syllable -- flagged as a tone-sensitive item since ọ̀wọ̀ (a different tone pattern) is a distinct word (respect/lineage). (hand).","Author-created; general knowledge of common Yoruba child vocabulary, cross-checked against standard tone-marking conventions where the author had confidence in them.",TBD,draft,"No corpus frequency analysis was run for this item -- see docs/SOURCES.md 'No primary frequency analysis was performed'. Selection rests on general knowledge of the language's common consonants/vocabulary, not a textbook frequency count. Needs native-speaker sign-off before use. IMPORTANT: unlike the Swahili word list, several of these items' tone markings are genuinely uncertain (flagged individually above) because Yoruba tone requires native-speaker judgment the author does not have -- treat every row in this word list as needing tone verification, not just the ones individually flagged."
yo-w-012,word,word,ẹsẹ̀,12,"Core body-part vocabulary; subdot vowel ẹ, low tone on second syllable. (leg / foot).","Author-created; general knowledge of common Yoruba child vocabulary, cross-checked against standard tone-marking conventions where the author had confidence in them.",TBD,draft,"No corpus frequency analysis was run for this item -- see docs/SOURCES.md 'No primary frequency analysis was performed'. Selection rests on general knowledge of the language's common consonants/vocabulary, not a textbook frequency count. Needs native-speaker sign-off before use. IMPORTANT: unlike the Swahili word list, several of these items' tone markings are genuinely uncertain (flagged individually above) because Yoruba tone requires native-speaker judgment the author does not have -- treat every row in this word list as needing tone verification, not just the ones individually flagged."
yo-w-013,word,word,ìyá,13,"First-acquired kinship term, low-high tone pattern -- a standard, well-documented tone pattern for this word, but still flagged for confirmation since kinship terms are used constantly and any tone slip would be very noticeable. (mother).","Author-created; general knowledge of common Yoruba child vocabulary, cross-checked against standard tone-marking conventions where the author had confidence in them.",TBD,draft,"No corpus frequency analysis was run for this item -- see docs/SOURCES.md 'No primary frequency analysis was performed'. Selection rests on general knowledge of the language's common consonants/vocabulary, not a textbook frequency count. Needs native-speaker sign-off before use. IMPORTANT: unlike the Swahili word list, several of these items' tone markings are genuinely uncertain (flagged individually above) because Yoruba tone requires native-speaker judgment the author does not have -- treat every row in this word list as needing tone verification, not just the ones individually flagged."
yo-w-014,word,word,bàbá,14,"First-acquired kinship term, low-high tone pattern, paired with ìyá. (father).","Author-created; general knowledge of common Yoruba child vocabulary, cross-checked against standard tone-marking conventions where the author had confidence in them.",TBD,draft,"No corpus frequency analysis was run for this item -- see docs/SOURCES.md 'No primary frequency analysis was performed'. Selection rests on general knowledge of the language's common consonants/vocabulary, not a textbook frequency count. Needs native-speaker sign-off before use. IMPORTANT: unlike the Swahili word list, several of these items' tone markings are genuinely uncertain (flagged individually above) because Yoruba tone requires native-speaker judgment the author does not have -- treat every row in this word list as needing tone verification, not just the ones individually flagged."
yo-w-015,word,word,ọmọ,15,"Extremely high-frequency word (used for the child themself and siblings); subdot vowel ọ, both syllables mid tone. (child).","Author-created; general knowledge of common Yoruba child vocabulary, cross-checked against standard tone-marking conventions where the author had confidence in them.",TBD,draft,"No corpus frequency analysis was run for this item -- see docs/SOURCES.md 'No primary frequency analysis was performed'. Selection rests on general knowledge of the language's common consonants/vocabulary, not a textbook frequency count. Needs native-speaker sign-off before use. IMPORTANT: unlike the Swahili word list, several of these items' tone markings are genuinely uncertain (flagged individually above) because Yoruba tone requires native-speaker judgment the author does not have -- treat every row in this word list as needing tone verification, not just the ones individually flagged."
yo-w-016,word,word,ìwé,16,Directly relevant to a reading-assessment context; low-high tone pattern. (book).,"Author-created; general knowledge of common Yoruba child vocabulary, cross-checked against standard tone-marking conventions where the author had confidence in them.",TBD,draft,"No corpus frequency analysis was run for this item -- see docs/SOURCES.md 'No primary frequency analysis was performed'. Selection rests on general knowledge of the language's common consonants/vocabulary, not a textbook frequency count. Needs native-speaker sign-off before use. IMPORTANT: unlike the Swahili word list, several of these items' tone markings are genuinely uncertain (flagged individually above) because Yoruba tone requires native-speaker judgment the author does not have -- treat every row in this word list as needing tone verification, not just the ones individually flagged."
yo-w-017,word,word,aṣọ,17,Everyday familiar word; introduces the subdot consonant ṣ (distinct phoneme from s) and subdot vowel ọ. (clothes).,"Author-created; general knowledge of common Yoruba child vocabulary, cross-checked against standard tone-marking conventions where the author had confidence in them.",TBD,draft,"No corpus frequency analysis was run for this item -- see docs/SOURCES.md 'No primary frequency analysis was performed'. Selection rests on general knowledge of the language's common consonants/vocabulary, not a textbook frequency count. Needs native-speaker sign-off before use. IMPORTANT: unlike the Swahili word list, several of these items' tone markings are genuinely uncertain (flagged individually above) because Yoruba tone requires native-speaker judgment the author does not have -- treat every row in this word list as needing tone verification, not just the ones individually flagged."
yo-w-018,word,word,bàtà,18,"Everyday familiar word for something worn daily; low tone on both syllables -- lower-confidence tone marking, flagged for linguist verification. (shoe).","Author-created; general knowledge of common Yoruba child vocabulary, cross-checked against standard tone-marking conventions where the author had confidence in them.",TBD,draft,"No corpus frequency analysis was run for this item -- see docs/SOURCES.md 'No primary frequency analysis was performed'. Selection rests on general knowledge of the language's common consonants/vocabulary, not a textbook frequency count. Needs native-speaker sign-off before use. IMPORTANT: unlike the Swahili word list, several of these items' tone markings are genuinely uncertain (flagged individually above) because Yoruba tone requires native-speaker judgment the author does not have -- treat every row in this word list as needing tone verification, not just the ones individually flagged."
yo-w-019,word,word,ọjà,19,"High-frequency word for a place children are taken to regularly; subdot vowel ọ, low tone on second syllable. (market).","Author-created; general knowledge of common Yoruba child vocabulary, cross-checked against standard tone-marking conventions where the author had confidence in them.",TBD,draft,"No corpus frequency analysis was run for this item -- see docs/SOURCES.md 'No primary frequency analysis was performed'. Selection rests on general knowledge of the language's common consonants/vocabulary, not a textbook frequency count. Needs native-speaker sign-off before use. IMPORTANT: unlike the Swahili word list, several of these items' tone markings are genuinely uncertain (flagged individually above) because Yoruba tone requires native-speaker judgment the author does not have -- treat every row in this word list as needing tone verification, not just the ones individually flagged."
yo-w-020,word,word,ọ̀rẹ́,20,"High-frequency social word very familiar to a school-age child; subdot vowel ọ, low-high tone pattern. (friend).","Author-created; general knowledge of common Yoruba child vocabulary, cross-checked against standard tone-marking conventions where the author had confidence in them.",TBD,draft,"No corpus frequency analysis was run for this item -- see docs/SOURCES.md 'No primary frequency analysis was performed'. Selection rests on general knowledge of the language's common consonants/vocabulary, not a textbook frequency count. Needs native-speaker sign-off before use. IMPORTANT: unlike the Swahili word list, several of these items' tone markings are genuinely uncertain (flagged individually above) because Yoruba tone requires native-speaker judgment the author does not have -- treat every row in this word list as needing tone verification, not just the ones individually flagged."
yo-w-021,word,word,odò,21,"Common environmental noun, low tone on second syllable. (river).","Author-created; general knowledge of common Yoruba child vocabulary, cross-checked against standard tone-marking conventions where the author had confidence in them.",TBD,draft,"No corpus frequency analysis was run for this item -- see docs/SOURCES.md 'No primary frequency analysis was performed'. Selection rests on general knowledge of the language's common consonants/vocabulary, not a textbook frequency count. Needs native-speaker sign-off before use. IMPORTANT: unlike the Swahili word list, several of these items' tone markings are genuinely uncertain (flagged individually above) because Yoruba tone requires native-speaker judgment the author does not have -- treat every row in this word list as needing tone verification, not just the ones individually flagged."
yo-w-022,word,word,oòrùn,22,"High-frequency weather/environment word; low tones -- lower-confidence tone marking, flagged for linguist verification, and flagged to distinguish clearly from 'oorun' (sleep), a near-homograph differing in tone/vowel length. (sun).","Author-created; general knowledge of common Yoruba child vocabulary, cross-checked against standard tone-marking conventions where the author had confidence in them.",TBD,draft,"No corpus frequency analysis was run for this item -- see docs/SOURCES.md 'No primary frequency analysis was performed'. Selection rests on general knowledge of the language's common consonants/vocabulary, not a textbook frequency count. Needs native-speaker sign-off before use. IMPORTANT: unlike the Swahili word list, several of these items' tone markings are genuinely uncertain (flagged individually above) because Yoruba tone requires native-speaker judgment the author does not have -- treat every row in this word list as needing tone verification, not just the ones individually flagged."
yo-w-023,word,word,òṣùpá,23,"Common environment/sky word; introduces the subdot consonant ṣ -- lower-confidence tone marking, flagged for linguist verification. (moon).","Author-created; general knowledge of common Yoruba child vocabulary, cross-checked against standard tone-marking conventions where the author had confidence in them.",TBD,draft,"No corpus frequency analysis was run for this item -- see docs/SOURCES.md 'No primary frequency analysis was performed'. Selection rests on general knowledge of the language's common consonants/vocabulary, not a textbook frequency count. Needs native-speaker sign-off before use. IMPORTANT: unlike the Swahili word list, several of these items' tone markings are genuinely uncertain (flagged individually above) because Yoruba tone requires native-speaker judgment the author does not have -- treat every row in this word list as needing tone verification, not just the ones individually flagged."
yo-w-024,word,word,àpò,24,"Everyday familiar word; low tone on first syllable -- lower-confidence tone marking, flagged for linguist verification. (bag).","Author-created; general knowledge of common Yoruba child vocabulary, cross-checked against standard tone-marking conventions where the author had confidence in them.",TBD,draft,"No corpus frequency analysis was run for this item -- see docs/SOURCES.md 'No primary frequency analysis was performed'. Selection rests on general knowledge of the language's common consonants/vocabulary, not a textbook frequency count. Needs native-speaker sign-off before use. IMPORTANT: unlike the Swahili word list, several of these items' tone markings are genuinely uncertain (flagged individually above) because Yoruba tone requires native-speaker judgment the author does not have -- treat every row in this word list as needing tone verification, not just the ones individually flagged."
yo-w-025,word,word,àga,25,Common household furniture word; low tone on first syllable. (chair).,"Author-created; general knowledge of common Yoruba child vocabulary, cross-checked against standard tone-marking conventions where the author had confidence in them.",TBD,draft,"No corpus frequency analysis was run for this item -- see docs/SOURCES.md 'No primary frequency analysis was performed'. Selection rests on general knowledge of the language's common consonants/vocabulary, not a textbook frequency count. Needs native-speaker sign-off before use. IMPORTANT: unlike the Swahili word list, several of these items' tone markings are genuinely uncertain (flagged individually above) because Yoruba tone requires native-speaker judgment the author does not have -- treat every row in this word list as needing tone verification, not just the ones individually flagged."
yo-w-026,word,word,adìẹ,26,"Common farm-animal word; subdot vowel ẹ -- lower-confidence tone marking, flagged for linguist verification. (chicken).","Author-created; general knowledge of common Yoruba child vocabulary, cross-checked against standard tone-marking conventions where the author had confidence in them.",TBD,draft,"No corpus frequency analysis was run for this item -- see docs/SOURCES.md 'No primary frequency analysis was performed'. Selection rests on general knowledge of the language's common consonants/vocabulary, not a textbook frequency count. Needs native-speaker sign-off before use. IMPORTANT: unlike the Swahili word list, several of these items' tone markings are genuinely uncertain (flagged individually above) because Yoruba tone requires native-speaker judgment the author does not have -- treat every row in this word list as needing tone verification, not just the ones individually flagged."
yo-w-027,word,word,ewúrẹ́,27,"Common farm-animal word; subdot vowel ẹ, high tones -- flagged for linguist verification. (goat).","Author-created; general knowledge of common Yoruba child vocabulary, cross-checked against standard tone-marking conventions where the author had confidence in them.",TBD,draft,"No corpus frequency analysis was run for this item -- see docs/SOURCES.md 'No primary frequency analysis was performed'. Selection rests on general knowledge of the language's common consonants/vocabulary, not a textbook frequency count. Needs native-speaker sign-off before use. IMPORTANT: unlike the Swahili word list, several of these items' tone markings are genuinely uncertain (flagged individually above) because Yoruba tone requires native-speaker judgment the author does not have -- treat every row in this word list as needing tone verification, not just the ones individually flagged."
yo-w-028,word,word,màálù,28,"Common farm-animal word; low-high-low tone/length pattern -- flagged for linguist verification, alternate spelling 'màlúù' also attested, linguists should confirm the standard form for this project. (cow).","Author-created; general knowledge of common Yoruba child vocabulary, cross-checked against standard tone-marking conventions where the author had confidence in them.",TBD,draft,"No corpus frequency analysis was run for this item -- see docs/SOURCES.md 'No primary frequency analysis was performed'. Selection rests on general knowledge of the language's common consonants/vocabulary, not a textbook frequency count. Needs native-speaker sign-off before use. IMPORTANT: unlike the Swahili word list, several of these items' tone markings are genuinely uncertain (flagged individually above) because Yoruba tone requires native-speaker judgment the author does not have -- treat every row in this word list as needing tone verification, not just the ones individually flagged."
yo-w-029,word,word,ológbò,29,Common domestic-animal word -- flagged for linguist verification of the tone pattern. (cat).,"Author-created; general knowledge of common Yoruba child vocabulary, cross-checked against standard tone-marking conventions where the author had confidence in them.",TBD,draft,"No corpus frequency analysis was run for this item -- see docs/SOURCES.md 'No primary frequency analysis was performed'. Selection rests on general knowledge of the language's common consonants/vocabulary, not a textbook frequency count. Needs native-speaker sign-off before use. IMPORTANT: unlike the Swahili word list, several of these items' tone markings are genuinely uncertain (flagged individually above) because Yoruba tone requires native-speaker judgment the author does not have -- treat every row in this word list as needing tone verification, not just the ones individually flagged."
yo-w-030,word,word,ọkọ̀,30,"Common everyday word for car/transport; subdot vowel ọ, low tone on second syllable -- flagged for linguist verification, and to distinguish from ọkọ (husband) and òkò (spear/missile), near-homographs differing only in tone. (vehicle).","Author-created; general knowledge of common Yoruba child vocabulary, cross-checked against standard tone-marking conventions where the author had confidence in them.",TBD,draft,"No corpus frequency analysis was run for this item -- see docs/SOURCES.md 'No primary frequency analysis was performed'. Selection rests on general knowledge of the language's common consonants/vocabulary, not a textbook frequency count. Needs native-speaker sign-off before use. IMPORTANT: unlike the Swahili word list, several of these items' tone markings are genuinely uncertain (flagged individually above) because Yoruba tone requires native-speaker judgment the author does not have -- treat every row in this word list as needing tone verification, not just the ones individually flagged."
yo-w-031,word,word,iṣẹ́,31,"Common everyday word; subdot consonant ṣ and subdot vowel ẹ, high tone on second syllable. (work).","Author-created; general knowledge of common Yoruba child vocabulary, cross-checked against standard tone-marking conventions where the author had confidence in them.",TBD,draft,"No corpus frequency analysis was run for this item -- see docs/SOURCES.md 'No primary frequency analysis was performed'. Selection rests on general knowledge of the language's common consonants/vocabulary, not a textbook frequency count. Needs native-speaker sign-off before use. IMPORTANT: unlike the Swahili word list, several of these items' tone markings are genuinely uncertain (flagged individually above) because Yoruba tone requires native-speaker judgment the author does not have -- treat every row in this word list as needing tone verification, not just the ones individually flagged."
yo-w-032,word,word,eré,32,High-frequency word for a core childhood activity; high tone on second syllable. (game / play).,"Author-created; general knowledge of common Yoruba child vocabulary, cross-checked against standard tone-marking conventions where the author had confidence in them.",TBD,draft,"No corpus frequency analysis was run for this item -- see docs/SOURCES.md 'No primary frequency analysis was performed'. Selection rests on general knowledge of the language's common consonants/vocabulary, not a textbook frequency count. Needs native-speaker sign-off before use. IMPORTANT: unlike the Swahili word list, several of these items' tone markings are genuinely uncertain (flagged individually above) because Yoruba tone requires native-speaker judgment the author does not have -- treat every row in this word list as needing tone verification, not just the ones individually flagged."
yo-w-033,word,word,òkúta,33,Common environmental noun; low-high-mid tone pattern -- flagged for linguist verification. (stone).,"Author-created; general knowledge of common Yoruba child vocabulary, cross-checked against standard tone-marking conventions where the author had confidence in them.",TBD,draft,"No corpus frequency analysis was run for this item -- see docs/SOURCES.md 'No primary frequency analysis was performed'. Selection rests on general knowledge of the language's common consonants/vocabulary, not a textbook frequency count. Needs native-speaker sign-off before use. IMPORTANT: unlike the Swahili word list, several of these items' tone markings are genuinely uncertain (flagged individually above) because Yoruba tone requires native-speaker judgment the author does not have -- treat every row in this word list as needing tone verification, not just the ones individually flagged."
yo-w-034,word,word,oúnjẹ,34,Extremely high-frequency everyday word; subdot vowel ẹ -- flagged for linguist verification of the tone pattern. (food).,"Author-created; general knowledge of common Yoruba child vocabulary, cross-checked against standard tone-marking conventions where the author had confidence in them.",TBD,draft,"No corpus frequency analysis was run for this item -- see docs/SOURCES.md 'No primary frequency analysis was performed'. Selection rests on general knowledge of the language's common consonants/vocabulary, not a textbook frequency count. Needs native-speaker sign-off before use. IMPORTANT: unlike the Swahili word list, several of these items' tone markings are genuinely uncertain (flagged individually above) because Yoruba tone requires native-speaker judgment the author does not have -- treat every row in this word list as needing tone verification, not just the ones individually flagged."
yo-w-035,word,word,ilé-ìwé,35,Directly relevant to the assessment context itself; a transparent compound ('house of book') conventionally written and read as one item. (school).,"Author-created; general knowledge of common Yoruba child vocabulary, cross-checked against standard tone-marking conventions where the author had confidence in them.",TBD,draft,"No corpus frequency analysis was run for this item -- see docs/SOURCES.md 'No primary frequency analysis was performed'. Selection rests on general knowledge of the language's common consonants/vocabulary, not a textbook frequency count. Needs native-speaker sign-off before use. IMPORTANT: unlike the Swahili word list, several of these items' tone markings are genuinely uncertain (flagged individually above) because Yoruba tone requires native-speaker judgment the author does not have -- treat every row in this word list as needing tone verification, not just the ones individually flagged."
yo-w-036,word,word,ọkùnrin,36,"Common everyday word; subdot vowel ọ, low tone on second syllable. (man).","Author-created; general knowledge of common Yoruba child vocabulary, cross-checked against standard tone-marking conventions where the author had confidence in them.",TBD,draft,"No corpus frequency analysis was run for this item -- see docs/SOURCES.md 'No primary frequency analysis was performed'. Selection rests on general knowledge of the language's common consonants/vocabulary, not a textbook frequency count. Needs native-speaker sign-off before use. IMPORTANT: unlike the Swahili word list, several of these items' tone markings are genuinely uncertain (flagged individually above) because Yoruba tone requires native-speaker judgment the author does not have -- treat every row in this word list as needing tone verification, not just the ones individually flagged."
yo-w-037,word,word,obìnrin,37,"Common everyday word, paired with ọkùnrin; low tone on second syllable. (woman).","Author-created; general knowledge of common Yoruba child vocabulary, cross-checked against standard tone-marking conventions where the author had confidence in them.",TBD,draft,"No corpus frequency analysis was run for this item -- see docs/SOURCES.md 'No primary frequency analysis was performed'. Selection rests on general knowledge of the language's common consonants/vocabulary, not a textbook frequency count. Needs native-speaker sign-off before use. IMPORTANT: unlike the Swahili word list, several of these items' tone markings are genuinely uncertain (flagged individually above) because Yoruba tone requires native-speaker judgment the author does not have -- treat every row in this word list as needing tone verification, not just the ones individually flagged."
yo-w-038,word,word,ọjọ́,38,"Common everyday/calendar word; subdot vowel ọ, high tone on second syllable. (day).","Author-created; general knowledge of common Yoruba child vocabulary, cross-checked against standard tone-marking conventions where the author had confidence in them.",TBD,draft,"No corpus frequency analysis was run for this item -- see docs/SOURCES.md 'No primary frequency analysis was performed'. Selection rests on general knowledge of the language's common consonants/vocabulary, not a textbook frequency count. Needs native-speaker sign-off before use. IMPORTANT: unlike the Swahili word list, several of these items' tone markings are genuinely uncertain (flagged individually above) because Yoruba tone requires native-speaker judgment the author does not have -- treat every row in this word list as needing tone verification, not just the ones individually flagged."
yo-w-039,word,word,alẹ́,39,"Common everyday/time-of-day word; subdot vowel ẹ, high tone on second syllable. (evening / night).","Author-created; general knowledge of common Yoruba child vocabulary, cross-checked against standard tone-marking conventions where the author had confidence in them.",TBD,draft,"No corpus frequency analysis was run for this item -- see docs/SOURCES.md 'No primary frequency analysis was performed'. Selection rests on general knowledge of the language's common consonants/vocabulary, not a textbook frequency count. Needs native-speaker sign-off before use. IMPORTANT: unlike the Swahili word list, several of these items' tone markings are genuinely uncertain (flagged individually above) because Yoruba tone requires native-speaker judgment the author does not have -- treat every row in this word list as needing tone verification, not just the ones individually flagged."
yo-w-040,word,word,ẹ̀bùn,40,"Common, child-relevant word (birthdays, rewards); subdot vowel ẹ, low tone on first syllable -- flagged for linguist verification. (gift).","Author-created; general knowledge of common Yoruba child vocabulary, cross-checked against standard tone-marking conventions where the author had confidence in them.",TBD,draft,"No corpus frequency analysis was run for this item -- see docs/SOURCES.md 'No primary frequency analysis was performed'. Selection rests on general knowledge of the language's common consonants/vocabulary, not a textbook frequency count. Needs native-speaker sign-off before use. IMPORTANT: unlike the Swahili word list, several of these items' tone markings are genuinely uncertain (flagged individually above) because Yoruba tone requires native-speaker judgment the author does not have -- treat every row in this word list as needing tone verification, not just the ones individually flagged."
yo-p-001,paragraph,paragraph,Ìyá ń dáná fún oúnjẹ. Iná ń jó gbóná gbóná. Iná ń fún ni ìmọ́lẹ̀. Gbogbo wa fẹ́ràn iná gan-an.,1,"Four connected sentences (5 words each) about fire's everyday role, reshaped from the ASb source 'Íná' with a human anchor (mother lighting the fire) added for narrative coherence -- the original is a list of facts about fire with no human subject, mirroring the Swahili 'Moto' paragraph's adaptation approach. No compound words; grade-1 vocabulary.","Adapted from 'Íná' ('Fire'), African Storybook, level 1, by Deborah Namugosa et al. / Rob Owen -- CC BY 3.0. Sentences are the author's own Yoruba composition (not quoted verbatim from a fetched Yoruba translation of this title), informed by the story's fire/warmth/light theme -- flag for tone/grammar verification, higher priority than the sourced-verbatim story items below.",TBD,draft,"Tone marking on every word here is author-composed, not professionally sourced -- needs careful native-speaker review before this item is treated as reliable."
yo-p-002,paragraph,paragraph,Mo fẹ́ràn kíka ìwé gidigidi. Ìyá àti bàbá mi ṣiṣẹ́. Mo ka ìwé fúnra mi. Kíka jẹ́ ìdùnnú fún mi.,2,"Four connected sentences (5 words each) about independent reading within a family context, reshaped from the ASb source 'Mo fẹ́ràn kàwé' -- the source's English-gloss pairing appeared misaligned with its Yoruba lines on the page fetched (see docs/SOURCES.md), so this paragraph is a fresh, simplified composition on the same family/independent-reading theme rather than a direct line-for-line trim of the source. No compound words; grade-1 vocabulary.","Adapted (theme only, not verbatim lines) from 'Mo fẹ́ràn kàwé' ('I Like to Read'), African Storybook, level 1, by Letta Machoga / Wiehan de Jager & Vusi Malindi -- CC BY 3.0.",TBD,draft,"Tone marking is author-composed -- needs native-speaker review. Also flag: this item is a looser theme-adaptation than yo-p-001/the two stories below, since the source's Yoruba/English line pairing looked misaligned when fetched -- worth a linguist independently re-checking the original source page before deciding whether closer verbatim adaptation is possible."
yo-s-001,story,story,"Ọkọ́ rẹ̀ kúrú jù. Ọ̀nà ilẹ̀kùn rẹ̀ kéré jù. Ibùsùn rẹ̀ kúrú jù pẹ̀lú. Ọkùnrin yìí ga jù! Ó ṣe ọwọ ọkọ́ gígùn púpọ̀ kan. Ó ṣe ara ilẹ̀kùn gíga púpọ̀. Ó ṣe ibùsùn gígùn púpọ̀ kan. Ó kúrò ní ilé rẹ̀, ó sì gbé ní igbó ńlá kan. Ó gbé fún ọdún púpọ̀, ó sì láyọ̀.",1,"9 sentences, 55 words, human protagonist (unnamed, matching the source), clear beginning (his tools don't fit)/middle (he remakes them)/end (he moves to the forest, content). Trimmed from the source's 13 sentences / 74 words by dropping the bicycle and chair/fork pages as secondary to the core arc, keeping the hoe/door/bed thread and the ending intact -- direct parallel structure to the Swahili sw-s-001 adaptation of the same source story.","Adapted, sentence-for-sentence from the actual published Yoruba translation, from 'Ọkùnrin gíga púpọ̀ kan' ('A Very Tall Man'), African Storybook, level 2, by Cornelius Gulere / Catherine Groenewald -- CC BY 3.0. Yoruba sentences quoted verbatim from the source pages except the final clause 'ó sì láyọ̀' (and he was happy), which is an addition not in the original text, added to give the trimmed version a clear positive ending -- mirrors the same addition made in the Swahili version of this story.",TBD,draft,"The clause 'ó sì láyọ̀' at the end is an addition, not sourced -- flag for linguist check. Tone marking on the sourced sentences comes from a professional ASb translation so is higher-confidence than the two author-composed paragraphs above, but the added final clause is author-composed and needs the same level of scrutiny as those."
yo-s-001-q1,story,comprehension_question,Ǹjẹ́ ọkọ́ ọkùnrin náà gùn tàbí kúrú ní ìbẹ̀rẹ̀ ìtàn náà?,1,"Direct fact-retrieval question, answerable from the story's first sentence alone, per the TaRL rule that question 1 must be direct.","Author-created, based on yo-s-001.",TBD,draft,Comprehension question 1 of 2 for item yo-s-001 (direct). Tone marking is author-composed -- needs native-speaker review.
yo-s-001-q2,story,comprehension_question,Kí nìdí tí ọkùnrin náà fi ṣe ohun èlò tuntun fún ara rẹ̀?,2,"Indirect/inferential question -- requires connecting the 'too short' facts (opening sentences) with his decision to remake his tools (later sentences), not answerable from a single stated fact, drawn from a different part of the story than question 1.","Author-created, based on yo-s-001.",TBD,draft,Comprehension question 2 of 2 for item yo-s-001 (indirect). Tone marking is author-composed -- needs native-speaker review.
yo-s-002,story,story,"Adé fẹ́ràn ọgbà rẹ̀ gan-an. Ó gbin ẹfọ́ àti ẹ̀gẹ́ nínú ọgbà. Ní gbogbo ọjọ́, ó bu omi fún wọn. Ewéko náà ń dàgbà kíákíá. Ọjọ́ kan, ọ̀rẹ́ rẹ̀ Bísí wá sí ọgbà. Wọ́n jọ mú ẹfọ́ jáde papọ̀. Ìyá Adé se oúnjẹ dídùn pẹ̀lú ẹfọ́ náà. Gbogbo ẹbí jẹun papọ̀, wọ́n sì láyọ̀.",2,"8 sentences, 54 words, human characters throughout (Adé, his friend Bísí, his mother, the family), clear beginning (Adé loves and tends his garden)/middle (his friend joins the harvest)/end (the family shares a meal, happy). NOT adapted from a real source -- see notes.","Author-created. The African Storybook Yoruba catalog at Levels 1-2 has only 6 titles total; after 'Tall Man' (used for yo-s-001), the only other human-character option was a ~900-1,000-word Level-3 biography of Wangari Maathai, which would have needed near-total rewriting to fit ~60 words -- judged closer to writing a new story than adapting that one, so this item is honestly marked author-created rather than credited to a source it wouldn't fairly represent. Full reasoning in docs/SOURCES.md 'Yoruba story pool is thin.'",TBD,draft,This is the single item in the whole instrument with no source text behind it at all (not even a loose adaptation) -- both the content and every tone mark are the author's own composition. This is the highest-priority item for native-speaker/linguist review in the entire Yoruba file.
yo-s-002-q1,story,comprehension_question,Kí ni Adé gbìn sínú ọgbà rẹ̀?,1,"Direct fact-retrieval question, answerable from early in the story alone.","Author-created, based on yo-s-002.",TBD,draft,Comprehension question 1 of 2 for item yo-s-002 (direct). Tone marking is author-composed -- needs native-speaker review.
yo-s-002-q2,story,comprehension_question,Kí nìdí tí ẹbí Adé fi láyọ̀ ní òpin ìtàn náà?,2,"Indirect/inferential question -- requires connecting the harvest, the cooking, and eating together at the end of the story into a single reason, not a single directly-stated fact, drawn from a different part of the story (the end) than question 1 (the start).","Author-created, based on yo-s-002.",TBD,draft,Comprehension question 2 of 2 for item yo-s-002 (indirect). Tone marking is author-composed -- needs native-speaker review.
