recording_id,file_name,speaker_id,language,set,content_type,reference
v0-sw-0001,audio/sw-en_setA_SPEAKER_sw-ls-001.wav,spk-sw-001,sw,setA,syllable,"ma"
v0-sw-0002,audio/sw-en_setA_SPEAKER_sw-ls-002.wav,spk-sw-001,sw,setA,syllable,"me"
v0-sw-0003,audio/sw-en_setA_SPEAKER_sw-ls-003.wav,spk-sw-001,sw,setA,syllable,"mi"
v0-sw-0004,audio/sw-en_setA_SPEAKER_sw-ls-004.wav,spk-sw-001,sw,setA,syllable,"mo"
v0-sw-0005,audio/sw-en_setA_SPEAKER_sw-ls-005.wav,spk-sw-001,sw,setA,syllable,"mu"
v0-sw-0006,audio/sw-en_setA_SPEAKER_sw-ls-006.wav,spk-sw-001,sw,setA,syllable,"na"
v0-sw-0007,audio/sw-en_setA_SPEAKER_sw-ls-007.wav,spk-sw-001,sw,setA,syllable,"ne"
v0-sw-0008,audio/sw-en_setA_SPEAKER_sw-ls-008.wav,spk-sw-001,sw,setA,syllable,"ni"
v0-sw-0009,audio/sw-en_setA_SPEAKER_sw-ls-009.wav,spk-sw-001,sw,setA,syllable,"no"
v0-sw-0010,audio/sw-en_setA_SPEAKER_sw-ls-010.wav,spk-sw-001,sw,setA,syllable,"nu"
v0-sw-0011,audio/sw-en_setA_SPEAKER_sw-ls-011.wav,spk-sw-001,sw,setA,syllable,"ka"
v0-sw-0012,audio/sw-en_setA_SPEAKER_sw-ls-012.wav,spk-sw-001,sw,setA,syllable,"ke"
v0-sw-0013,audio/sw-en_setA_SPEAKER_sw-ls-013.wav,spk-sw-001,sw,setA,syllable,"ki"
v0-sw-0014,audio/sw-en_setA_SPEAKER_sw-ls-014.wav,spk-sw-001,sw,setA,syllable,"ko"
v0-sw-0015,audio/sw-en_setA_SPEAKER_sw-ls-015.wav,spk-sw-001,sw,setA,syllable,"ku"
v0-sw-0016,audio/sw-en_setA_SPEAKER_sw-ls-016.wav,spk-sw-001,sw,setA,syllable,"wa"
v0-sw-0017,audio/sw-en_setA_SPEAKER_sw-ls-017.wav,spk-sw-001,sw,setA,syllable,"we"
v0-sw-0018,audio/sw-en_setA_SPEAKER_sw-ls-018.wav,spk-sw-001,sw,setA,syllable,"wi"
v0-sw-0019,audio/sw-en_setA_SPEAKER_sw-ls-019.wav,spk-sw-001,sw,setA,syllable,"wo"
v0-sw-0020,audio/sw-en_setA_SPEAKER_sw-ls-020.wav,spk-sw-001,sw,setA,syllable,"wu"
v0-sw-0021,audio/sw-en_setA_SPEAKER_sw-ls-021.wav,spk-sw-001,sw,setA,syllable,"la"
v0-sw-0022,audio/sw-en_setA_SPEAKER_sw-ls-022.wav,spk-sw-001,sw,setA,syllable,"le"
v0-sw-0023,audio/sw-en_setA_SPEAKER_sw-ls-023.wav,spk-sw-001,sw,setA,syllable,"li"
v0-sw-0024,audio/sw-en_setA_SPEAKER_sw-ls-024.wav,spk-sw-001,sw,setA,syllable,"lo"
v0-sw-0025,audio/sw-en_setA_SPEAKER_sw-ls-025.wav,spk-sw-001,sw,setA,syllable,"lu"
v0-sw-0026,audio/sw-en_setA_SPEAKER_sw-ls-026.wav,spk-sw-001,sw,setA,syllable,"sa"
v0-sw-0027,audio/sw-en_setA_SPEAKER_sw-ls-027.wav,spk-sw-001,sw,setA,syllable,"se"
v0-sw-0028,audio/sw-en_setA_SPEAKER_sw-ls-028.wav,spk-sw-001,sw,setA,syllable,"si"
v0-sw-0029,audio/sw-en_setA_SPEAKER_sw-ls-029.wav,spk-sw-001,sw,setA,syllable,"so"
v0-sw-0030,audio/sw-en_setA_SPEAKER_sw-ls-030.wav,spk-sw-001,sw,setA,syllable,"su"
v0-sw-0031,audio/sw-en_setA_SPEAKER_sw-w-001.wav,spk-sw-001,sw,setA,word,"mama"
v0-sw-0032,audio/sw-en_setA_SPEAKER_sw-w-002.wav,spk-sw-001,sw,setA,word,"baba"
v0-sw-0033,audio/sw-en_setA_SPEAKER_sw-w-003.wav,spk-sw-001,sw,setA,word,"dada"
v0-sw-0034,audio/sw-en_setA_SPEAKER_sw-w-004.wav,spk-sw-001,sw,setA,word,"kaka"
v0-sw-0035,audio/sw-en_setA_SPEAKER_sw-w-005.wav,spk-sw-001,sw,setA,word,"maji"
v0-sw-0036,audio/sw-en_setA_SPEAKER_sw-w-006.wav,spk-sw-001,sw,setA,word,"moto"
v0-sw-0037,audio/sw-en_setA_SPEAKER_sw-w-007.wav,spk-sw-001,sw,setA,word,"meza"
v0-sw-0038,audio/sw-en_setA_SPEAKER_sw-w-008.wav,spk-sw-001,sw,setA,word,"paka"
v0-sw-0039,audio/sw-en_setA_SPEAKER_sw-w-009.wav,spk-sw-001,sw,setA,word,"soko"
v0-sw-0040,audio/sw-en_setA_SPEAKER_sw-w-010.wav,spk-sw-001,sw,setA,word,"duka"
v0-sw-0041,audio/sw-en_setA_SPEAKER_sw-w-011.wav,spk-sw-001,sw,setA,word,"embe"
v0-sw-0042,audio/sw-en_setA_SPEAKER_sw-w-012.wav,spk-sw-001,sw,setA,word,"ndizi"
v0-sw-0043,audio/sw-en_setA_SPEAKER_sw-w-013.wav,spk-sw-001,sw,setA,word,"nyumba"
v0-sw-0044,audio/sw-en_setA_SPEAKER_sw-w-014.wav,spk-sw-001,sw,setA,word,"jiko"
v0-sw-0045,audio/sw-en_setA_SPEAKER_sw-w-015.wav,spk-sw-001,sw,setA,word,"mlango"
v0-sw-0046,audio/sw-en_setA_SPEAKER_sw-w-016.wav,spk-sw-001,sw,setA,word,"gari"
v0-sw-0047,audio/sw-en_setA_SPEAKER_sw-w-017.wav,spk-sw-001,sw,setA,word,"nguo"
v0-sw-0048,audio/sw-en_setA_SPEAKER_sw-w-018.wav,spk-sw-001,sw,setA,word,"kiatu"
v0-sw-0049,audio/sw-en_setA_SPEAKER_sw-w-019.wav,spk-sw-001,sw,setA,word,"shule"
v0-sw-0050,audio/sw-en_setA_SPEAKER_sw-w-020.wav,spk-sw-001,sw,setA,word,"mtoto"
v0-sw-0051,audio/sw-en_setA_SPEAKER_sw-w-021.wav,spk-sw-001,sw,setA,word,"kitabu"
v0-sw-0052,audio/sw-en_setA_SPEAKER_sw-w-022.wav,spk-sw-001,sw,setA,word,"sahani"
v0-sw-0053,audio/sw-en_setA_SPEAKER_sw-w-023.wav,spk-sw-001,sw,setA,word,"kalamu"
v0-sw-0054,audio/sw-en_setA_SPEAKER_sw-w-024.wav,spk-sw-001,sw,setA,word,"kikapu"
v0-sw-0055,audio/sw-en_setA_SPEAKER_sw-w-025.wav,spk-sw-001,sw,setA,word,"ndugu"
v0-sw-0056,audio/sw-en_setA_SPEAKER_sw-w-026.wav,spk-sw-001,sw,setA,word,"rafiki"
v0-sw-0057,audio/sw-en_setA_SPEAKER_sw-w-027.wav,spk-sw-001,sw,setA,word,"chakula"
v0-sw-0058,audio/sw-en_setA_SPEAKER_sw-w-028.wav,spk-sw-001,sw,setA,word,"samaki"
v0-sw-0059,audio/sw-en_setA_SPEAKER_sw-w-029.wav,spk-sw-001,sw,setA,word,"kikombe"
v0-sw-0060,audio/sw-en_setA_SPEAKER_sw-w-030.wav,spk-sw-001,sw,setA,word,"mvua"
v0-sw-0061,audio/sw-en_setA_SPEAKER_sw-w-031.wav,spk-sw-001,sw,setA,word,"jua"
v0-sw-0062,audio/sw-en_setA_SPEAKER_sw-w-032.wav,spk-sw-001,sw,setA,word,"mwezi"
v0-sw-0063,audio/sw-en_setA_SPEAKER_sw-w-033.wav,spk-sw-001,sw,setA,word,"mchezo"
v0-sw-0064,audio/sw-en_setA_SPEAKER_sw-w-034.wav,spk-sw-001,sw,setA,word,"mwalimu"
v0-sw-0065,audio/sw-en_setA_SPEAKER_sw-w-035.wav,spk-sw-001,sw,setA,word,"simba"
v0-sw-0066,audio/sw-en_setA_SPEAKER_sw-w-036.wav,spk-sw-001,sw,setA,word,"ndege"
v0-sw-0067,audio/sw-en_setA_SPEAKER_sw-w-037.wav,spk-sw-001,sw,setA,word,"ng'ombe"
v0-sw-0068,audio/sw-en_setA_SPEAKER_sw-w-038.wav,spk-sw-001,sw,setA,word,"mbuzi"
v0-sw-0069,audio/sw-en_setA_SPEAKER_sw-w-039.wav,spk-sw-001,sw,setA,word,"kuku"
v0-sw-0070,audio/sw-en_setA_SPEAKER_sw-w-040.wav,spk-sw-001,sw,setA,word,"asante"
v0-sw-0071,audio/sw-en_setA_SPEAKER_sw-p-001.wav,spk-sw-001,sw,setA,paragraph,"Leo ni siku ya shule. Nina sare mpya safi. Viatu vyangu ni vipya. Nafurahi kwenda shuleni leo."
v0-sw-0072,audio/sw-en_setA_SPEAKER_sw-p-002.wav,spk-sw-001,sw,setA,paragraph,"Mama anapika kwa moto. Moto unatoa joto kali. Moto unatupa mwanga pia. Sote tunapenda moto jioni."
v0-sw-0073,audio/sw-en_setA_SPEAKER_sw-s-001.wav,spk-sw-001,sw,setA,story,"Jembe lake lilikuwa fupi mno. Mlango wake ulikuwa chini mno. Kitanda chake kilikuwa kifupi mno. Mtu huyu alikuwa mrefu zaidi! Alitengeneza mpini wa jembe mrefu sana. Alitengeneza fremu ndefu za milango. Alitengeneza kitanda kirefu sana. Aliacha nyumba yake na kuishi katika msitu mkubwa. Aliishi kwa miaka mingi, naye alifurahi."
v0-sw-0074,audio/sw-en_setA_SPEAKER_sw-s-002.wav,spk-sw-001,sw,setA,story,"Tom anabeba tenga la ndizi zilizoiva. Tom anaenda sokoni kuuza ndizi. Lakini hakuna anayenunua ndizi za Tom. \"Ni wanawake pekee ndio wanaouza matunda,\" watu wanasema. Lakini Tom hakati tamaa. Anaita, \"Nunua ndizi zangu tamu!\" Mwanamke mmoja ananunua ndizi zake. Watu wengine wanakuja na kununua ndizi za Tom. Mara, tenga linakuwa tupu, naye Tom anafurahi."
v0-sw-0075,audio/sw-en_setA_SPEAKER_sw-s-001-q1.wav,spk-sw-001,sw,setA,comprehension_question,"Jembe la mtu huyu lilikuwa refu au fupi mwanzoni?"
v0-sw-0076,audio/sw-en_setA_SPEAKER_sw-s-001-q2.wav,spk-sw-001,sw,setA,comprehension_question,"Kwa nini mtu huyu alitengeneza vitu vipya?"
v0-sw-0077,audio/sw-en_setA_SPEAKER_sw-s-002-q1.wav,spk-sw-001,sw,setA,comprehension_question,"Tom alikuwa akiuza nini sokoni?"
v0-sw-0078,audio/sw-en_setA_SPEAKER_sw-s-002-q2.wav,spk-sw-001,sw,setA,comprehension_question,"Kwa nini watu hawakutaka kununua ndizi za Tom mwanzoni?"
v0-sw-0079,audio/sw-en_setB_SPEAKER_setB-01.wav,spk-sw-001,sw-en,setB,scripted_prompt_reading,"Niambie kuhusu shule yako."
v0-sw-0080,audio/sw-en_setB_SPEAKER_setB-02.wav,spk-sw-001,sw-en,setB,scripted_prompt_reading,"Ulifanya nini jana baada ya shule?"
v0-sw-0081,audio/sw-en_setB_SPEAKER_setB-03.wav,spk-sw-001,sw-en,setB,scripted_prompt_reading,"Unafikaje sokoni ukitoka nyumbani kwenu?"
v0-sw-0082,audio/sw-en_setB_SPEAKER_setB-04.wav,spk-sw-001,sw-en,setB,scripted_prompt_reading,"Somo gani unalipenda zaidi, na kwa nini?"
v0-sw-0083,audio/sw-en_setB_SPEAKER_setB-05.wav,spk-sw-001,sw-en,setB,scripted_prompt_reading,"Niambie wakati ulipomsaidia mtu."
v0-sw-0084,audio/sw-en_setB_SPEAKER_setB-06.wav,spk-sw-001,sw-en,setB,scripted_prompt_reading,"Hesabu kwa sauti kuanzia moja hadi ishirini."
v0-sw-0085,audio/sw-en_setB_SPEAKER_setB-07.wav,spk-sw-001,sw-en,setB,scripted_prompt_reading,"Kumi na tano jumlisha saba ni ngapi? Niambie jinsi ulivyopata jibu lako."
v0-sw-0086,audio/sw-en_setB_SPEAKER_setB-08.wav,spk-sw-001,sw-en,setB,scripted_prompt_reading,"Niambie jambo lililotokea shuleni wiki hii."
v0-sw-0087,audio/sw-en_setB_SPEAKER_setB-09.wav,spk-sw-001,sw-en,setB,scripted_prompt_reading,"Unataka kuwa nini ukikua?"
v0-sw-0088,audio/sw-en_setB_SPEAKER_setB-10.wav,spk-sw-001,sw-en,setB,scripted_prompt_reading,"Nieleze mchezo unaocheza na marafiki zako, na kanuni zake."
v0-sw-0089,audio/sw-en_setC_SPEAKER_instr-start-letter-syllable-001.wav,spk-sw-001,sw-en,setC,scaffolding_utterance,"Hebu sasa soma syllable hii kwa sauti."
v0-sw-0090,audio/sw-en_setC_SPEAKER_instr-retry-001.wav,spk-sw-001,sw-en,setC,scaffolding_utterance,"Hebu jaribu kuisoma tena. One more time!"
v0-sw-0091,audio/sw-en_setC_SPEAKER_instr-slow-down-001.wav,spk-sw-001,sw-en,setC,scaffolding_utterance,"Soma polepole, take your time, usikimbilie maneno."
v0-sw-0092,audio/sw-en_setC_SPEAKER_instr-ready-check-001.wav,spk-sw-001,sw-en,setC,scaffolding_utterance,"Uko ready? Twende!"
v0-sw-0093,audio/sw-en_setC_SPEAKER_praise-first-try-beginner-001.wav,spk-sw-001,sw-en,setC,scaffolding_utterance,"Hongera! Good job, umeitamka vizuri!"
v0-sw-0094,audio/sw-en_setC_SPEAKER_praise-first-try-paragraph-001.wav,spk-sw-001,sw-en,setC,scaffolding_utterance,"Umesoma kifungu vizuri sana. Great job!"
v0-sw-0095,audio/sw-en_setC_SPEAKER_praise-effort-general-001.wav,spk-sw-001,sw-en,setC,scaffolding_utterance,"Good try! Umejitahidi; tujaribu tena pamoja."
v0-sw-0096,audio/sw-en_setC_SPEAKER_praise-improvement-001.wav,spk-sw-001,sw-en,setC,scaffolding_utterance,"Unazidi kufanya vizuri. Keep it up!"
v0-sw-0097,audio/sw-en_setC_SPEAKER_hint-sentence-context-001.wav,spk-sw-001,sw-en,setC,scaffolding_utterance,"Soma sentensi yote; maneno mengine yatakupa clue."
v0-sw-0098,audio/sw-en_setC_SPEAKER_hint-look-again-001.wav,spk-sw-001,sw-en,setC,scaffolding_utterance,"Angalia neno hilo tena kwa makini. Take your time."
v0-sw-0099,audio/sw-en_setC_SPEAKER_correction-letter-soft-001.wav,spk-sw-001,sw-en,setC,scaffolding_utterance,"Ulikaribia! Sikiliza sauti ya herufi hii: mmm. Try again."
v0-sw-0100,audio/sw-en_setC_SPEAKER_correction-model-pronunciation-001.wav,spk-sw-001,sw-en,setC,scaffolding_utterance,"Sikiliza: “shule.” Sasa repeat after me: “shule.”"
v0-sw-0101,audio/sw-en_setC_SPEAKER_correction-skip-word-001.wav,spk-sw-001,sw-en,setC,scaffolding_utterance,"Ulikaribia! Umeruka neno moja. Read tena bila kuliacha."
v0-sw-0102,audio/sw-en_setC_SPEAKER_level-up-letter-to-word-001.wav,spk-sw-001,sw-en,setC,scaffolding_utterance,"Hongera! Sasa tunaendelea kusoma maneno. Ready? Twende!"
v0-sw-0103,audio/sw-en_setC_SPEAKER_level-stay-beginner-001.wav,spk-sw-001,sw-en,setC,scaffolding_utterance,"Tutaendelea kufanya mazoezi ya sauti za herufi. You’re doing well!"
v0-sw-0104,audio/sw-en_setC_SPEAKER_encourage-tired-001.wav,spk-sw-001,sw-en,setC,scaffolding_utterance,"Umefanya vizuri sana! Keep going, tunakaribia mwisho!"
v0-sw-0105,audio/sw-en_setC_SPEAKER_encourage-nervous-001.wav,spk-sw-001,sw-en,setC,scaffolding_utterance,"Usiwe na wasiwasi; tuko pamoja. Ready? Tuanze!"
v0-sw-0106,audio/sw-en_setC_SPEAKER_encourage-after-break-001.wav,spk-sw-001,sw-en,setC,scaffolding_utterance,"Karibu tena! Welcome back, tuendelee tulipoishia."
v0-sw-0107,audio/sw-en_setC_SPEAKER_closing-thank-you-001.wav,spk-sw-001,sw-en,setC,scaffolding_utterance,"Asante sana kwa kazi yako nzuri leo, well done!"
v0-sw-0108,audio/sw-en_setC_SPEAKER_repair-no-audio-001.wav,spk-sw-001,sw-en,setC,scaffolding_utterance,"Samahani, sikusikia. Please jaribu tena."
v0-yo-0001,audio/yo-en_setC_SPEAKER_instr-start-beginner-001.wav,spk-yo-001,yo-en,setC,scaffolding_utterance,"Wo lẹ́tà yìí, kí ni ohùn rẹ̀? Sọ fún mi!"
v0-yo-0002,audio/yo-en_setC_SPEAKER_instr-start-letter-syllable-001.wav,spk-yo-001,yo-en,setC,scaffolding_utterance,"Ṣe àyẹwò! Jọwọ ka syllable tó wà níbẹ̀ fún mi."
v0-yo-0003,audio/yo-en_setC_SPEAKER_instr-start-word-001.wav,spk-yo-001,yo-en,setC,scaffolding_utterance,"Ẹ wò ọ̀rọ̀ yìí, kí o sì ka á sókè."
v0-yo-0004,audio/yo-en_setC_SPEAKER_instr-start-paragraph-001.wav,spk-yo-001,yo-en,setC,scaffolding_utterance,"Dára, jẹ́ ká bẹ̀rẹ̀. Jọwọ, read àdoédoé yìí fún mi."
v0-yo-0005,audio/yo-en_setC_SPEAKER_instr-start-story-001.wav,spk-yo-001,yo-en,setC,scaffolding_utterance,"Jẹ́ ká bẹ̀rẹ̀! Jọ̀wọ́, ka ìtàn yìí káàárọ̀ látọ̀dọ̀ ìbẹ̀rẹ̀."
v0-yo-0006,audio/yo-en_setC_SPEAKER_instr-comprehension-001.wav,spk-yo-001,yo-en,setC,scaffolding_utterance,"Dára! Ǹjẹ́ o lè sọ fún mi kíní ìtàn yẹn túmọ̀ sí?"
v0-yo-0007,audio/yo-en_setC_SPEAKER_instr-retry-001.wav,spk-yo-001,yo-en,setC,scaffolding_utterance,"Dára, jẹ́ ká gbìyànjú mọ́ lẹ́ẹ̀kan sí i, try again!"
v0-yo-0008,audio/yo-en_setC_SPEAKER_instr-slow-down-001.wav,spk-yo-001,yo-en,setC,scaffolding_utterance,"Dáadáa, slow down kí o sì ka fẹ́ẹ́fẹ́ẹ́ díẹ̀."
v0-yo-0009,audio/yo-en_setC_SPEAKER_instr-mic-check-001.wav,spk-yo-001,yo-en,setC,scaffolding_utterance,"Jọ̀wọ́, mú fóònù wá sún mọ́ ẹnu rẹ kí o sọ̀rọ̀ speak clearly!"
v0-yo-0010,audio/yo-en_setC_SPEAKER_instr-ready-check-001.wav,spk-yo-001,yo-en,setC,scaffolding_utterance,"Ṣé o ṣetán? Jẹ́ ká bẹ̀rẹ̀ — ready?"
v0-yo-0011,audio/yo-en_setC_SPEAKER_instr-free-response-001.wav,spk-yo-001,yo-en,setC,scaffolding_utterance,"Ṣe o rò pé kí ni yóò ṣẹlẹ̀ tó bá tẹ̀lé? Sọ fún mi!"
v0-yo-0012,audio/yo-en_setC_SPEAKER_instr-repeat-please-response-001.wav,spk-yo-001,yo-en,setC,scaffolding_utterance,"Ṣe kó o, èmi yóò sọ ó lẹ́ẹ̀kan sí i, fara balẹ̀ gbọ́."
v0-yo-0013,audio/yo-en_setC_SPEAKER_instr-facilitator-wait-001.wav,spk-yo-001,yo-en,setC,scaffolding_utterance,"Dúró díẹ̀, jẹ́ kí n pe olùrànlọ́wọ́ wá, okay?"
v0-yo-0014,audio/yo-en_setC_SPEAKER_instr-practice-drill-001.wav,spk-yo-001,yo-en,setC,scaffolding_utterance,"Jẹ́ ká gbìyànjú àdánwò kékeré kan. Ready? Bẹ̀rẹ̀!"
v0-yo-0015,audio/yo-en_setC_SPEAKER_praise-first-try-beginner-001.wav,spk-yo-001,yo-en,setC,scaffolding_utterance,"Ó yani lẹ́nu! Well done, ó tọ́ pátápátá!"
v0-yo-0016,audio/yo-en_setC_SPEAKER_praise-first-try-syllable-001.wav,spk-yo-001,yo-en,setC,scaffolding_utterance,"Ó dára! O ka a dáadáa, [[well done]]!"
v0-yo-0017,audio/yo-en_setC_SPEAKER_praise-first-try-word-001.wav,spk-yo-001,yo-en,setC,scaffolding_utterance,"Ó dára! O ka ọ̀rọ̀ náà dáadáa, well done!"
v0-yo-0018,audio/yo-en_setC_SPEAKER_praise-first-try-paragraph-001.wav,spk-yo-001,yo-en,setC,scaffolding_utterance,"Ó dára púpọ̀! O ka gbogbo ìtàn náà dáadáa, well done!"
v0-yo-0019,audio/yo-en_setC_SPEAKER_praise-first-try-story-001.wav,spk-yo-001,yo-en,setC,scaffolding_utterance,"Ó dára gan! O ka ìtàn náà dáadáa, well done!"
v0-yo-0020,audio/yo-en_setC_SPEAKER_praise-after-retry-word-001.wav,spk-yo-001,yo-en,setC,scaffolding_utterance,"Àgbàdo! O gbìyànjú, o ṣe é! Good job!"
v0-yo-0021,audio/yo-en_setC_SPEAKER_praise-after-retry-syllable-001.wav,spk-yo-001,yo-en,setC,scaffolding_utterance,"Ẹ̀yẹn ni! O ti ṣe é. Well done, ọmọ mi!"
v0-yo-0022,audio/yo-en_setC_SPEAKER_praise-comprehension-001.wav,spk-yo-001,yo-en,setC,scaffolding_utterance,"Ìdáhùn rẹ dára gan-an! Well done, ọmọ mi!"
v0-yo-0023,audio/yo-en_setC_SPEAKER_praise-effort-general-001.wav,spk-yo-001,yo-en,setC,scaffolding_utterance,"Ó dára! O gbìyànjú gan-an, mo fẹ́ràn ìyẹn!"
v0-yo-0024,audio/yo-en_setC_SPEAKER_praise-improvement-001.wav,spk-yo-001,yo-en,setC,scaffolding_utterance,"Ó dára! O ti n ṣe better ju ìbẹ̀rẹ̀ lọ, mo fẹ́ràn rẹ̀!"
v0-yo-0025,audio/yo-en_setC_SPEAKER_praise-confidence-001.wav,spk-yo-001,yo-en,setC,scaffolding_utterance,"Ó dára! O ka pẹ̀lú ìgboyà, well done!"
v0-yo-0026,audio/yo-en_setC_SPEAKER_praise-self-correct-001.wav,spk-yo-001,yo-en,setC,scaffolding_utterance,"Ó dára! O ṣe àṣìṣe, o sì ṣe àtúnṣe rẹ̀ dára! Well done!"
v0-yo-0027,audio/yo-en_setC_SPEAKER_praise-creative-answer-001.wav,spk-yo-001,yo-en,setC,scaffolding_utterance,"Ìdáhùn rẹ dára gan-an! Wow, o ronú nǹkan tó ṣàánú púpọ̀!"
v0-yo-0028,audio/yo-en_setC_SPEAKER_praise-quiet-progress-001.wav,spk-yo-001,yo-en,setC,scaffolding_utterance,"Ó dára! Well done, ọmọ mi. Mo gbọ́ ọ dáadáa."
v0-yo-0029,audio/yo-en_setC_SPEAKER_hint-letter-sound-001.wav,spk-yo-001,yo-en,setC,scaffolding_utterance,"Wo lẹ́tà yìí. Ó ń ṣe ohun wo?"
v0-yo-0030,audio/yo-en_setC_SPEAKER_hint-syllable-blend-001.wav,spk-yo-001,yo-en,setC,scaffolding_utterance,"Jẹ́ kí a darapọ̀ mọ́ ara wọn: ṣe àkójọpọ̀, sọ wọ́n papọ̀!"
v0-yo-0031,audio/yo-en_setC_SPEAKER_hint-word-first-letter-001.wav,spk-yo-001,yo-en,setC,scaffolding_utterance,"Wo lẹ́tà àkọ́kọ́ ọ̀rọ̀ yẹn. Èwo ni?"
v0-yo-0032,audio/yo-en_setC_SPEAKER_hint-word-familiar-001.wav,spk-yo-001,yo-en,setC,scaffolding_utterance,"Wo ọ̀rọ̀ yìí dára! Ó dà bí ọ̀rọ̀ tí o mọ̀ tẹ́lẹ̀."
v0-yo-0033,audio/yo-en_setC_SPEAKER_hint-sentence-context-001.wav,spk-yo-001,yo-en,setC,scaffolding_utterance,"Wo ó! Wo àwọn ọ̀rọ̀ mìíràn nínú gbolohun náà — wọn lè ràn ọ́ lọ́wọ́."
v0-yo-0034,audio/yo-en_setC_SPEAKER_hint-story-context-001.wav,spk-yo-001,yo-en,setC,scaffolding_utterance,"Rò ó! Kí ló ṣẹlẹ̀ nínú ìtàn wa? Èyí tó bá ìtàn mu ni ó tọ̀."
v0-yo-0035,audio/yo-en_setC_SPEAKER_hint-comprehension-001.wav,spk-yo-001,yo-en,setC,scaffolding_utterance,"Rántí ohun tó ṣẹlẹ̀ ní ìbẹ̀rẹ̀ ìtàn wa. Think back!"
v0-yo-0036,audio/yo-en_setC_SPEAKER_hint-slow-sound-out-001.wav,spk-yo-001,yo-en,setC,scaffolding_utterance,"Jẹ ká gbiyanju lẹ́ẹ̀kan sí i. Sọ ohun kọ̀ọ̀kan lọ́ra lọ́ra, slowly!"
v0-yo-0037,audio/yo-en_setC_SPEAKER_hint-look-again-001.wav,spk-yo-001,yo-en,setC,scaffolding_utterance,"Dúró! Wo ọ̀rọ̀ náà mọ́jú kíyèsí àárọ̀ rẹ̀ — look again!"
v0-yo-0038,audio/yo-en_setC_SPEAKER_hint-break-it-down-001.wav,spk-yo-001,yo-en,setC,scaffolding_utterance,"Jẹ́ ká gbìyànjú — broken si awọn ìpín kéékéré, ó dára?"
v0-yo-0039,audio/yo-en_setC_SPEAKER_hint-picture-clue-001.wav,spk-yo-001,yo-en,setC,scaffolding_utterance,"Ronu: kí ni àwòrán rẹ̀ trông bii? Draw am lórí ọkàn rẹ!"
v0-yo-0040,audio/yo-en_setC_SPEAKER_hint-try-whisper-001.wav,spk-yo-001,yo-en,setC,scaffolding_utterance,"Ẹ má bẹ̀rù! Whisper ohun náà kánkán fún mi."
v0-yo-0041,audio/yo-en_setC_SPEAKER_correction-letter-soft-001.wav,spk-yo-001,yo-en,setC,scaffolding_utterance,"Ó dára, ṣùgbọ́n ẹ̀kọ́ náà jẹ́ \"try again\" — tún gbọ́ó."
v0-yo-0042,audio/yo-en_setC_SPEAKER_correction-syllable-soft-001.wav,spk-yo-001,yo-en,setC,scaffolding_utterance,"Ẹ̀yẹ! Jẹ́ ká gbìyànjú lẹ́ẹ̀kan sí i, try again!"
v0-yo-0043,audio/yo-en_setC_SPEAKER_correction-word-soft-001.wav,spk-yo-001,yo-en,setC,scaffolding_utterance,"Ẹ̀yin ọmọ, gbiyanjú mọ́. Ọ̀rọ̀ náà jẹ́ \"aso\", ṣe try again."
v0-yo-0044,audio/yo-en_setC_SPEAKER_correction-sentence-soft-001.wav,spk-yo-001,yo-en,setC,scaffolding_utterance,"Ẹ jẹ ká gbìyànjú mọ̀. Jọwọ, ka gbólóọ̀run náà lẹ́ẹ̀kan sí i."
v0-yo-0045,audio/yo-en_setC_SPEAKER_correction-model-pronunciation-001.wav,spk-yo-002,yo-en,setC,scaffolding_utterance,"Gbọ́ dáadáa: \"ọ̀wọ̀.\" Ẹ̀yin repeat rẹ̀ — \"ọ̀wọ̀!\""
v0-yo-0046,audio/yo-en_setC_SPEAKER_correction-comprehension-001.wav,spk-yo-002,yo-en,setC,scaffolding_utterance,"Ò tó! Ẹ jẹ ká tún wo ìtàn náà, sai? Kí ni ó sọ?"
v0-yo-0047,audio/yo-en_setC_SPEAKER_correction-skip-word-001.wav,spk-yo-002,yo-en,setC,scaffolding_utterance,"Ó dára, ṣùgbọ́n ọ̀rọ̀ kan wà tí o fo. Jẹ́ ká try again!"
v0-yo-0048,audio/yo-en_setC_SPEAKER_correction-mixed-up-order-001.wav,spk-yo-002,yo-en,setC,scaffolding_utterance,"Ọmọ mi, ó dára, ṣùgbọ́n ìtọ́sọ̀nà ohùn náà yí padà. Jẹ́ ká try again!"
v0-yo-0049,audio/yo-en_setC_SPEAKER_correction-persistent-error-001.wav,spk-yo-002,yo-en,setC,scaffolding_utterance,"Kò burú, ẹ jẹ ká skip èyí kí a siwaju."
v0-yo-0050,audio/yo-en_setC_SPEAKER_correction-mispronounce-name-001.wav,spk-yo-002,yo-en,setC,scaffolding_utterance,"Ó dára! Ṣùgbọ́n jẹ́ ká sọ orúkọ rẹ̀ pọ̀: repeat after me — Àmíná."
v0-yo-0051,audio/yo-en_setC_SPEAKER_level-up-beginner-to-letter-001.wav,spk-yo-002,yo-en,setC,scaffolding_utterance,"Ó dára! O ṣe dáradára. Jẹ ká wo àwọn lẹ́tà báyìí, ṣe é bẹ́ẹ̀?"
v0-yo-0052,audio/yo-en_setC_SPEAKER_level-up-letter-to-word-001.wav,spk-yo-002,yo-en,setC,scaffolding_utterance,"Ó dára! O ti ṣe é! Jẹ ká lọ kà ọ̀rọ̀ pọ̀ báyìí."
v0-yo-0053,audio/yo-en_setC_SPEAKER_level-up-word-to-paragraph-001.wav,spk-yo-002,yo-en,setC,scaffolding_utterance,"Ẹ wà o! O ṣe daradara. Jẹ ká ka paragraph papọ̀ bayi!"
v0-yo-0054,audio/yo-en_setC_SPEAKER_level-up-paragraph-to-story-001.wav,spk-yo-002,yo-en,setC,scaffolding_utterance,"Ẹ wà! Ó dára púpọ̀! A máa ń ka ìtàn nísinsìnyí. Well done!"
v0-yo-0055,audio/yo-en_setC_SPEAKER_level-stay-beginner-001.wav,spk-yo-002,yo-en,setC,scaffolding_utterance,"Ó dára, a máa ń ṣe àtúnyẹ̀wò papọ̀ rẹ̀. Keep going, ìwọ ń ṣe dáadáa!"
v0-yo-0056,audio/yo-en_setC_SPEAKER_level-stay-letter-001.wav,spk-yo-002,yo-en,setC,scaffolding_utterance,"Ó dára, a máa wà níbí. A óò practice lẹ́tà pọ̀ síi!"
v0-yo-0057,audio/yo-en_setC_SPEAKER_level-stay-word-001.wav,spk-yo-002,yo-en,setC,scaffolding_utterance,"Kò tọ̀pọ̀lọpọ̀! A máa ń ṣe àwọn ọ̀rọ̀ síi papọ̀, okay?"
v0-yo-0058,audio/yo-en_setC_SPEAKER_level-stay-paragraph-001.wav,spk-yo-002,yo-en,setC,scaffolding_utterance,"Ó dára, a ó máa ṣiṣẹ pẹ̀lú paragraph. O ń ṣe dáadáa!"
v0-yo-0059,audio/yo-en_setC_SPEAKER_level-down-word-to-letter-001.wav,spk-yo-002,yo-en,setC,scaffolding_utterance,"Ó dára, ẹ jẹ́ ká ṣe àtúnyẹ̀wò lẹ́tà díẹ̀ papọ̀. Ready? Jẹ́ kí a bẹ̀rẹ̀!"
v0-yo-0060,audio/yo-en_setC_SPEAKER_level-first-assessment-001.wav,spk-yo-002,yo-en,setC,scaffolding_utterance,"Ẹ káàbọ̀! Ní ìtẹ̀jáde àkọ́kọ́ yìí, a ó wá ìpele tó dára jù fún ọ."
v0-yo-0061,audio/yo-en_setC_SPEAKER_encourage-tired-001.wav,spk-yo-002,yo-en,setC,scaffolding_utterance,"Ẹ̀yẹ kékeré, o ṣe dára! Keep going, a fẹ́rẹ̀ parí!"
v0-yo-0062,audio/yo-en_setC_SPEAKER_encourage-frustrated-001.wav,spk-yo-002,yo-en,setC,scaffolding_utterance,"Ẹ má worry, ọmọ mi! Ìdánwò ni — ìwọ ń ṣe dáadáa."
v0-yo-0063,audio/yo-en_setC_SPEAKER_encourage-nervous-001.wav,spk-yo-002,yo-en,setC,scaffolding_utterance,"Ẹ̀rù má bà ọ, ọmọ mi. Ìwọ lè ṣe é — no worries rárá!"
v0-yo-0064,audio/yo-en_setC_SPEAKER_encourage-halfway-001.wav,spk-yo-002,yo-en,setC,scaffolding_utterance,"Ó dára! O ṣe dáadáa, keep it up! Ẹ̀kọ́ wa fẹ́rẹ̀ parí."
v0-yo-0065,audio/yo-en_setC_SPEAKER_encourage-hard-item-001.wav,spk-yo-002,yo-en,setC,scaffolding_utterance,"Ó dára! Ìbéèrè tó ń bọ̀ yìí le díẹ̀, ṣùgbọ́n mo gbádùn fún ọ!"
v0-yo-0066,audio/yo-en_setC_SPEAKER_encourage-after-break-001.wav,spk-yo-002,yo-en,setC,scaffolding_utterance,"Ẹ káàbọ̀ padà! Welcome back, jẹ́ ká tẹ̀síwájú papọ̀ nhẹ̀!"
v0-yo-0067,audio/yo-en_setC_SPEAKER_encourage-quiet-voice-001.wav,spk-yo-002,yo-en,setC,scaffolding_utterance,"Ẹ jẹ́ kí a gbọ́ ọ̀ ẹ! Sọ̀rọ̀ síi, speak up, ìwọ lè ṣe é!"
v0-yo-0068,audio/yo-en_setC_SPEAKER_encourage-distraction-001.wav,spk-yo-002,yo-en,setC,scaffolding_utterance,"Ẹ wá, jẹ ká padà! Focus, ọmọ mi — a ń ṣe nǹkan tó dára!"
v0-yo-0069,audio/yo-en_setC_SPEAKER_closing-session-complete-001.wav,spk-yo-002,yo-en,setC,scaffolding_utterance,"Ó dára! Good job lónìí. Ìwé kíkà wa máa ń bá a lọ lọ́la!"
v0-yo-0070,audio/yo-en_setC_SPEAKER_closing-session-paused-001.wav,spk-yo-002,yo-en,setC,scaffolding_utterance,"Dára, a ó tún padà wá. A lè tẹ̀síwájú lẹ́yìn náà, ọkàn mi!"
v0-yo-0071,audio/yo-en_setC_SPEAKER_closing-session-ended-early-001.wav,spk-yo-002,yo-en,setC,scaffolding_utterance,"Ó dára, a máa padà wá ọjọ́ tó ń bọ̀. O ṣe àgbàdo, ọmọ mi!"
v0-yo-0072,audio/yo-en_setC_SPEAKER_closing-level-summary-001.wav,spk-yo-002,yo-en,setC,scaffolding_utterance,"Ìwọ ń ṣiṣẹ́ dáadáa! Ìpele rẹ jẹ́ level one, ó dára gan-an!"
v0-yo-0073,audio/yo-en_setC_SPEAKER_closing-thank-you-001.wav,spk-yo-002,yo-en,setC,scaffolding_utterance,"Ẹ jẹ́ kí a dúpẹ́! O ṣe dára gan-an lónìí, well done!"
v0-yo-0074,audio/yo-en_setC_SPEAKER_closing-see-you-next-time-001.wav,spk-yo-002,yo-en,setC,scaffolding_utterance,"Ó dàárọ̀! A ó padà wá ṣe àdáwọlé wa lọ́jọ́ tó ń bọ̀. Ó dára!"
v0-yo-0075,audio/yo-en_setC_SPEAKER_repair-no-audio-001.wav,spk-yo-002,yo-en,setC,scaffolding_utterance,"Hmm,미 mi ò gbọ́ ọ̀. Jọ̀wọ́ sọ lẹ́ẹ̀kan sí i!"
v0-yo-0076,audio/yo-en_setC_SPEAKER_repair-too-quiet-001.wav,spk-yo-002,yo-en,setC,scaffolding_utterance,"Ẹ sọ lẹ́ẹ̀kan síi, sọ̀rọ̀ díẹ̀ louder!"
v0-yo-0077,audio/yo-en_setC_SPEAKER_repair-background-noise-001.wav,spk-yo-002,yo-en,setC,scaffolding_utterance,"Ẹ jọ̀ọ́, wá sún mọ́ fóònù, ariwo púpọ̀ wà!"
v0-yo-0078,audio/yo-en_setC_SPEAKER_repair-unclear-answer-001.wav,spk-yo-002,yo-en,setC,scaffolding_utterance,"Ẹ jọ̀ọ́, sọ ìdáhùn rẹ mọ́ again."
v0-yo-0079,audio/yo-en_setC_SPEAKER_repair-talked-over-001.wav,spk-yo-002,yo-en,setC,scaffolding_utterance,"Dúró díẹ̀, jẹ́ kí n parí àsọ mi!"
v0-yo-0080,audio/yo-en_setC_SPEAKER_repair-confirm-low-confidence-001.wav,spk-yo-002,yo-en,setC,scaffolding_utterance,"Ṣé o sọ pé \"cat\"? Ìyẹn ni ohun tó gbọ́ dáadáa."
v0-yo-0081,audio/yo-en_setC_SPEAKER_escalate-call-facilitator-001.wav,spk-yo-002,yo-en,setC,scaffolding_utterance,"Ẹ wọlé, ìgbìyànjú mẹ́ta ti kùnlẹ̀ lórí item yìí."
v0-yo-0082,audio/yo-en_setC_SPEAKER_escalate-technical-fault-001.wav,spk-yo-002,yo-en,setC,scaffolding_utterance,"Ìṣòro ẹ̀rọ wà. Session kò lè tẹ̀síwájú báyìí."
v0-yo-0083,audio/yo-en_setC_SPEAKER_escalate-distress-handover-001.wav,spk-yo-002,yo-en,setC,scaffolding_utterance,"Ó dára, màá bínú. Ẹni tó lè ràn ọ́ lọ́wọ́ ń bọ̀ ní báyìí."
v0-yo-0084,audio/yo-en_setC_SPEAKER_escalate-helper-coming-001.wav,spk-yo-002,yo-en,setC,scaffolding_utterance,"Dúró, ènìyàn kan wá láti ràn ọ́ lọ́wọ́ now."
v0-yo-0085,audio/yo-en_setC_SPEAKER_facilitator-confirm-level-001.wav,spk-yo-002,yo-en,setC,scaffolding_utterance,"Jẹ́ kí a jẹrìí: a ti yàn ipele reading level kẹta. Ẹ fọwọ́ sí i?"
v0-yo-0086,audio/yo-en_setC_SPEAKER_facilitator-session-summary-001.wav,spk-yo-002,yo-en,setC,scaffolding_utterance,"Ìjókòó yìí ti parí. Ọmọ náà pari ìdánwò mẹ́ta, ó ṣẹṣẹ kọ ọrọ mẹ́rin tuntun, score rẹ̀ jẹ́ ìdajì."
v0-yo-b-0001,audio/yo-en_setB_SPEAKER_setB-01.wav,spk-yo-001,yo-en,setB,scripted_prompt_reading,"Sọ fún mi nípa ilé-ìwé rẹ."
v0-yo-b-0002,audio/yo-en_setB_SPEAKER_setB-02.wav,spk-yo-001,yo-en,setB,scripted_prompt_reading,"Kí ni o ṣe lánàá lẹ́yìn ilé-ìwé?"
v0-yo-b-0003,audio/yo-en_setB_SPEAKER_setB-03.wav,spk-yo-001,yo-en,setB,scripted_prompt_reading,"Báwo ni o ṣe ń lọ sí ọjà láti ilé?"
v0-yo-b-0004,audio/yo-en_setB_SPEAKER_setB-04.wav,spk-yo-001,yo-en,setB,scripted_prompt_reading,"Ẹ̀kọ́ wo ni o fẹ́ràn jùlọ, kí ló sì dé?"
v0-yo-b-0005,audio/yo-en_setB_SPEAKER_setB-05.wav,spk-yo-001,yo-en,setB,scripted_prompt_reading,"Sọ fún mi nípa àkókò kan tí o ràn ẹnìkan lọ́wọ́."
v0-yo-b-0006,audio/yo-en_setB_SPEAKER_setB-06.wav,spk-yo-001,yo-en,setB,scripted_prompt_reading,"Ka ní ohùn sókè láti ọ̀kan dé ogún."
v0-yo-b-0007,audio/yo-en_setB_SPEAKER_setB-07.wav,spk-yo-001,yo-en,setB,scripted_prompt_reading,"Mélòó ni mẹ́ẹ̀ẹ́dógún kún èje? Sọ fún mi bí o ṣe rí ìdáhùn náà."
v0-yo-b-0008,audio/yo-en_setB_SPEAKER_setB-08.wav,spk-yo-001,yo-en,setB,scripted_prompt_reading,"Sọ fún mi ohun kan tó ṣẹlẹ̀ ní ilé-ìwé ní ọ̀sẹ̀ yìí."
v0-yo-b-0009,audio/yo-en_setB_SPEAKER_setB-09.wav,spk-yo-001,yo-en,setB,scripted_prompt_reading,"Kí ni o fẹ́ ṣe nígbà tí o bá dàgbà?"
v0-yo-b-0010,audio/yo-en_setB_SPEAKER_setB-10.wav,spk-yo-001,yo-en,setB,scripted_prompt_reading,"Ṣàlàyé eré kan tí o ń ṣeré pẹ̀lú àwọn ọ̀rẹ́ rẹ, àti òfin rẹ̀."
v0-yo-child-a-yo-ls-001,audio/yo-en_setA_spk-yo-003_yo-ls-001.wav,spk-yo-003,yo,setA,syllable,"ba"
v0-yo-child-a-yo-ls-002,audio/yo-en_setA_spk-yo-003_yo-ls-002.wav,spk-yo-003,yo,setA,syllable,"be"
v0-yo-child-a-yo-ls-003,audio/yo-en_setA_spk-yo-003_yo-ls-003.wav,spk-yo-003,yo,setA,syllable,"bẹ"
v0-yo-child-a-yo-ls-004,audio/yo-en_setA_spk-yo-003_yo-ls-004.wav,spk-yo-003,yo,setA,syllable,"bi"
v0-yo-child-a-yo-ls-005,audio/yo-en_setA_spk-yo-003_yo-ls-005.wav,spk-yo-003,yo,setA,syllable,"bo"
v0-yo-child-a-yo-ls-006,audio/yo-en_setA_spk-yo-003_yo-ls-006.wav,spk-yo-003,yo,setA,syllable,"bọ"
v0-yo-child-a-yo-ls-007,audio/yo-en_setA_spk-yo-003_yo-ls-007.wav,spk-yo-003,yo,setA,syllable,"bu"
v0-yo-child-a-yo-ls-008,audio/yo-en_setA_spk-yo-003_yo-ls-008.wav,spk-yo-003,yo,setA,syllable,"ma"
v0-yo-child-a-yo-ls-009,audio/yo-en_setA_spk-yo-003_yo-ls-009.wav,spk-yo-003,yo,setA,syllable,"me"
v0-yo-child-a-yo-ls-010,audio/yo-en_setA_spk-yo-003_yo-ls-010.wav,spk-yo-003,yo,setA,syllable,"mẹ"
v0-yo-child-a-yo-ls-011,audio/yo-en_setA_spk-yo-003_yo-ls-011.wav,spk-yo-003,yo,setA,syllable,"mi"
v0-yo-child-a-yo-ls-012,audio/yo-en_setA_spk-yo-003_yo-ls-012.wav,spk-yo-003,yo,setA,syllable,"mo"
v0-yo-child-a-yo-ls-013,audio/yo-en_setA_spk-yo-003_yo-ls-013.wav,spk-yo-003,yo,setA,syllable,"mọ"
v0-yo-child-a-yo-ls-014,audio/yo-en_setA_spk-yo-003_yo-ls-014.wav,spk-yo-003,yo,setA,syllable,"mu"
v0-yo-child-a-yo-ls-015,audio/yo-en_setA_spk-yo-003_yo-ls-015.wav,spk-yo-003,yo,setA,syllable,"na"
v0-yo-child-a-yo-ls-016,audio/yo-en_setA_spk-yo-003_yo-ls-016.wav,spk-yo-003,yo,setA,syllable,"ne"
v0-yo-child-a-yo-ls-017,audio/yo-en_setA_spk-yo-003_yo-ls-017.wav,spk-yo-003,yo,setA,syllable,"nẹ"
v0-yo-child-a-yo-ls-018,audio/yo-en_setA_spk-yo-003_yo-ls-018.wav,spk-yo-003,yo,setA,syllable,"ni"
v0-yo-child-a-yo-ls-019,audio/yo-en_setA_spk-yo-003_yo-ls-019.wav,spk-yo-003,yo,setA,syllable,"no"
v0-yo-child-a-yo-ls-021,audio/yo-en_setA_spk-yo-003_yo-ls-021.wav,spk-yo-003,yo,setA,syllable,"nu"
v0-yo-child-a-yo-ls-022,audio/yo-en_setA_spk-yo-003_yo-ls-022.wav,spk-yo-003,yo,setA,syllable,"la"
v0-yo-child-a-yo-ls-023,audio/yo-en_setA_spk-yo-003_yo-ls-023.wav,spk-yo-003,yo,setA,syllable,"le"
v0-yo-child-a-yo-ls-024,audio/yo-en_setA_spk-yo-003_yo-ls-024.wav,spk-yo-003,yo,setA,syllable,"lẹ"
v0-yo-child-a-yo-ls-025,audio/yo-en_setA_spk-yo-003_yo-ls-025.wav,spk-yo-003,yo,setA,syllable,"li"
v0-yo-child-a-yo-ls-026,audio/yo-en_setA_spk-yo-003_yo-ls-026.wav,spk-yo-003,yo,setA,syllable,"lo"
v0-yo-child-a-yo-ls-027,audio/yo-en_setA_spk-yo-003_yo-ls-027.wav,spk-yo-003,yo,setA,syllable,"lọ"
v0-yo-child-a-yo-ls-028,audio/yo-en_setA_spk-yo-003_yo-ls-028.wav,spk-yo-003,yo,setA,syllable,"lu"
v0-yo-child-a-yo-ls-029,audio/yo-en_setA_spk-yo-003_yo-ls-029.wav,spk-yo-003,yo,setA,syllable,"ka"
v0-yo-child-a-yo-ls-030,audio/yo-en_setA_spk-yo-003_yo-ls-030.wav,spk-yo-003,yo,setA,syllable,"ki"
v0-yo-child-a-yo-p-001,audio/yo-en_setA_spk-yo-004_yo-p-001.wav,spk-yo-004,yo,setA,paragraph,"Ìyá ń dáná fún oúnjẹ. Iná ń jó gbóná gbóná. Iná ń fún ni ìmọ́lẹ̀. Gbogbo wa fẹ́ràn iná gan-an."
v0-yo-child-a-yo-p-002,audio/yo-en_setA_spk-yo-004_yo-p-002.wav,spk-yo-004,yo,setA,paragraph,"Mo fẹ́ràn kíka ìwé gidigidi. Ìyá àti bàbá mi ṣiṣẹ́. Mo ka ìwé fúnra mi. Kíka jẹ́ ìdùnnú fún mi."
v0-yo-child-a-yo-s-001-q1,audio/yo-en_setA_spk-yo-004_yo-s-001-q1.wav,spk-yo-004,yo,setA,comprehension_question,"Ǹjẹ́ ọkọ́ ọkùnrin náà gùn tàbí kúrú ní ìbẹ̀rẹ̀ ìtàn náà?"
v0-yo-child-a-yo-s-001-q2,audio/yo-en_setA_spk-yo-004_yo-s-001-q2.wav,spk-yo-004,yo,setA,comprehension_question,"Kí nìdí tí ọkùnrin náà fi ṣe ohun èlò tuntun fún ara rẹ̀?"
v0-yo-child-a-yo-s-001,audio/yo-en_setA_spk-yo-004_yo-s-001.wav,spk-yo-004,yo,setA,story,"Ọkọ́ rẹ̀ kúrú jù. Ọ̀nà ilẹ̀kùn rẹ̀ kéré jù. Ibùsùn rẹ̀ kúrú jù pẹ̀lú. Ọkùnrin yìí ga jù! Ó ṣe ọwọ ọkọ́ gígùn púpọ̀ kan. Ó ṣe ara ilẹ̀kùn gíga púpọ̀. Ó ṣe ibùsùn gígùn púpọ̀ kan. Ó kúrò ní ilé rẹ̀, ó sì gbé ní igbó ńlá kan. Ó gbé fún ọdún púpọ̀, ó sì láyọ̀."
v0-yo-child-a-yo-s-002-q1,audio/yo-en_setA_spk-yo-004_yo-s-002-q1.wav,spk-yo-004,yo,setA,comprehension_question,"Kí ni Adé gbìn sínú ọgbà rẹ̀?"
v0-yo-child-a-yo-s-002-q2,audio/yo-en_setA_spk-yo-004_yo-s-002-q2.wav,spk-yo-004,yo,setA,comprehension_question,"Kí nìdí tí ẹbí Adé fi láyọ̀ ní òpin ìtàn náà?"
v0-yo-child-a-yo-w-011,audio/yo-en_setA_spk-yo-004_yo-w-011.wav,spk-yo-004,yo,setA,word,"ọwọ́"
v0-yo-child-a-yo-w-019,audio/yo-en_setA_spk-yo-004_yo-w-019.wav,spk-yo-004,yo,setA,word,"ọjà"
v0-yo-child-a-yo-w-021,audio/yo-en_setA_spk-yo-004_yo-w-021.wav,spk-yo-004,yo,setA,word,"odò"
v0-yo-child-a-yo-w-022,audio/yo-en_setA_spk-yo-004_yo-w-022.wav,spk-yo-004,yo,setA,word,"oòrùn"
v0-yo-child-a-yo-w-023,audio/yo-en_setA_spk-yo-004_yo-w-023.wav,spk-yo-004,yo,setA,word,"òṣùpá"
v0-yo-child-a-yo-w-024,audio/yo-en_setA_spk-yo-004_yo-w-024.wav,spk-yo-004,yo,setA,word,"àpò"
v0-yo-child-a-yo-w-025,audio/yo-en_setA_spk-yo-004_yo-w-025.wav,spk-yo-004,yo,setA,word,"àga"
v0-yo-child-a-yo-w-026,audio/yo-en_setA_spk-yo-004_yo-w-026.wav,spk-yo-004,yo,setA,word,"adìẹ"
v0-yo-child-a-yo-w-027,audio/yo-en_setA_spk-yo-004_yo-w-027.wav,spk-yo-004,yo,setA,word,"ewúrẹ́"
v0-yo-child-a-yo-w-028,audio/yo-en_setA_spk-yo-004_yo-w-028.wav,spk-yo-004,yo,setA,word,"màálù"
v0-yo-child-a-yo-w-029,audio/yo-en_setA_spk-yo-004_yo-w-029.wav,spk-yo-004,yo,setA,word,"ológbò"
v0-yo-child-a-yo-w-030,audio/yo-en_setA_spk-yo-004_yo-w-030.wav,spk-yo-004,yo,setA,word,"ọkọ̀"
v0-yo-child-a-yo-w-031,audio/yo-en_setA_spk-yo-004_yo-w-031.wav,spk-yo-004,yo,setA,word,"iṣẹ́"
v0-yo-child-a-yo-w-032,audio/yo-en_setA_spk-yo-004_yo-w-032.wav,spk-yo-004,yo,setA,word,"eré"
v0-yo-child-a-yo-w-033,audio/yo-en_setA_spk-yo-004_yo-w-033.wav,spk-yo-004,yo,setA,word,"òkúta"
v0-yo-child-a-yo-w-034,audio/yo-en_setA_spk-yo-004_yo-w-034.wav,spk-yo-004,yo,setA,word,"oúnjẹ"
v0-yo-child-a-yo-w-035,audio/yo-en_setA_spk-yo-004_yo-w-035.wav,spk-yo-004,yo,setA,word,"ilé-ìwé"
v0-yo-child-a-yo-w-036,audio/yo-en_setA_spk-yo-004_yo-w-036.wav,spk-yo-004,yo,setA,word,"ọkùnrin"
v0-yo-child-a-yo-w-037,audio/yo-en_setA_spk-yo-004_yo-w-037.wav,spk-yo-004,yo,setA,word,"obìnrin"
v0-yo-child-a-yo-w-038,audio/yo-en_setA_spk-yo-004_yo-w-038.wav,spk-yo-004,yo,setA,word,"ọjọ́"
v0-yo-child-a-yo-w-039,audio/yo-en_setA_spk-yo-004_yo-w-039.wav,spk-yo-004,yo,setA,word,"alẹ́"
v0-yo-child-a-yo-w-040,audio/yo-en_setA_spk-yo-004_yo-w-040.wav,spk-yo-004,yo,setA,word,"ẹ̀bùn"
